EventId,Project,Station,Month,Year,Total_Depth,Layer,SampleType,Parameter,MeasureValue,Unit,Depth,Lat,Long
384427,MAIN,CB1.1,9,2014,5.5,B ,ISM,DO,8.5,MG/L,4,39.54794,-76.08481
384427,MAIN,CB1.1,9,2014,5.5,S ,ISM,DO,9.1,MG/L,0.5,39.54794,-76.08481
384427,MAIN,CB1.1,9,2014,5.5,S ,ISM,SALINITY,0,PPT,0.5,39.54794,-76.08481
384427,MAIN,CB1.1,9,2014,5.5,B ,ISM,SALINITY,0,PPT,4,39.54794,-76.08481
384427,MAIN,CB1.1,9,2014,5.5,B ,D,TN,1.404,MG/L,4,39.54794,-76.08481
384427,MAIN,CB1.1,9,2014,5.5,S ,D,TN,1.461,MG/L,0.5,39.54794,-76.08481
384427,MAIN,CB1.1,9,2014,5.5,S ,D,TP,0.0366,MG/L,0.5,39.54794,-76.08481
384427,MAIN,CB1.1,9,2014,5.5,B ,D,TP,0.032,MG/L,4,39.54794,-76.08481
384427,MAIN,CB1.1,9,2014,5.5,B ,ISM,WTEMP,23.4,DEG C,4,39.54794,-76.08481
384427,MAIN,CB1.1,9,2014,5.5,S ,ISM,WTEMP,23.9,DEG C,0.5,39.54794,-76.08481
384449,MAIN,CB1.1,10,2014,6,B ,ISM,DO,8.6,MG/L,5,39.54794,-76.08481
384449,MAIN,CB1.1,10,2014,6,S ,ISM,DO,8.5,MG/L,0.5,39.54794,-76.08481
384449,MAIN,CB1.1,10,2014,6,S ,ISM,SALINITY,0,PPT,0.5,39.54794,-76.08481
384449,MAIN,CB1.1,10,2014,6,B ,ISM,SALINITY,0,PPT,5,39.54794,-76.08481
384449,MAIN,CB1.1,10,2014,6,S ,D,TN,1.436,MG/L,0.5,39.54794,-76.08481
384449,MAIN,CB1.1,10,2014,6,B ,D,TN,1.439,MG/L,5,39.54794,-76.08481
384449,MAIN,CB1.1,10,2014,6,B ,D,TP,0.0562,MG/L,5,39.54794,-76.08481
384449,MAIN,CB1.1,10,2014,6,S ,D,TP,0.0579,MG/L,0.5,39.54794,-76.08481
384449,MAIN,CB1.1,10,2014,6,B ,ISM,WTEMP,16.9,DEG C,5,39.54794,-76.08481
384449,MAIN,CB1.1,10,2014,6,S ,ISM,WTEMP,16.9,DEG C,0.5,39.54794,-76.08481
384471,MAIN,CB1.1,11,2014,5.5,B ,ISM,DO,11.6,MG/L,4,39.54794,-76.08481
384471,MAIN,CB1.1,11,2014,5.5,S ,ISM,DO,11.2,MG/L,0.5,39.54794,-76.08481
384471,MAIN,CB1.1,11,2014,5.5,S ,ISM,SALINITY,0,PPT,0.5,39.54794,-76.08481
384471,MAIN,CB1.1,11,2014,5.5,B ,ISM,SALINITY,0,PPT,4,39.54794,-76.08481
384471,MAIN,CB1.1,11,2014,5.5,B ,D,TN,1.4268,MG/L,4,39.54794,-76.08481
384471,MAIN,CB1.1,11,2014,5.5,B ,D,TP,0.0242,MG/L,4,39.54794,-76.08481
384471,MAIN,CB1.1,11,2014,5.5,B ,ISM,WTEMP,7.6,DEG C,4,39.54794,-76.08481
384471,MAIN,CB1.1,11,2014,5.5,S ,ISM,WTEMP,7.6,DEG C,0.5,39.54794,-76.08481
384485,MAIN,CB1.1,12,2014,5.5,B ,ISM,DO,13,MG/L,4,39.54794,-76.08481
384485,MAIN,CB1.1,12,2014,5.5,S ,ISM,DO,13.2,MG/L,0.5,39.54794,-76.08481
384485,MAIN,CB1.1,12,2014,5.5,S ,ISM,SALINITY,0,PPT,0.5,39.54794,-76.08481
384485,MAIN,CB1.1,12,2014,5.5,B ,ISM,SALINITY,0,PPT,4,39.54794,-76.08481
384485,MAIN,CB1.1,12,2014,5.5,S ,D,TN,1.4017,MG/L,0.5,39.54794,-76.08481
384485,MAIN,CB1.1,12,2014,5.5,B ,D,TN,1.4069,MG/L,4,39.54794,-76.08481
384485,MAIN,CB1.1,12,2014,5.5,B ,D,TP,0.0244,MG/L,4,39.54794,-76.08481
384485,MAIN,CB1.1,12,2014,5.5,S ,D,TP,0.0253,MG/L,0.5,39.54794,-76.08481
384485,MAIN,CB1.1,12,2014,5.5,B ,ISM,WTEMP,4.4,DEG C,4,39.54794,-76.08481
384485,MAIN,CB1.1,12,2014,5.5,S ,ISM,WTEMP,4.3,DEG C,0.5,39.54794,-76.08481
384428,MAIN,CB2.1,9,2014,6.5,B ,ISM,DO,6.8,MG/L,5,39.44149,-76.02599
384428,MAIN,CB2.1,9,2014,6.5,S ,ISM,DO,8.5,MG/L,0.5,39.44149,-76.02599
384428,MAIN,CB2.1,9,2014,6.5,S ,ISM,SALINITY,0.95,PPT,0.5,39.44149,-76.02599
384428,MAIN,CB2.1,9,2014,6.5,B ,ISM,SALINITY,2.02,PPT,5,39.44149,-76.02599
384428,MAIN,CB2.1,9,2014,6.5,S ,D,TN,1.101,MG/L,0.5,39.44149,-76.02599
384428,MAIN,CB2.1,9,2014,6.5,B ,D,TN,1.1884,MG/L,5,39.44149,-76.02599
384428,MAIN,CB2.1,9,2014,6.5,B ,D,TP,0.0529,MG/L,5,39.44149,-76.02599
384428,MAIN,CB2.1,9,2014,6.5,S ,D,TP,0.0362,MG/L,0.5,39.44149,-76.02599
384428,MAIN,CB2.1,9,2014,6.5,B ,ISM,WTEMP,22.7,DEG C,5,39.44149,-76.02599
384428,MAIN,CB2.1,9,2014,6.5,S ,ISM,WTEMP,22.2,DEG C,0.5,39.44149,-76.02599
384450,MAIN,CB2.1,10,2014,6.5,B ,ISM,DO,8.8,MG/L,5,39.44149,-76.02599
384450,MAIN,CB2.1,10,2014,6.5,S ,ISM,DO,9.1,MG/L,0.5,39.44149,-76.02599
384450,MAIN,CB2.1,10,2014,6.5,S ,ISM,SALINITY,0.35,PPT,0.5,39.44149,-76.02599
384450,MAIN,CB2.1,10,2014,6.5,B ,ISM,SALINITY,0.73,PPT,5,39.44149,-76.02599
384450,MAIN,CB2.1,10,2014,6.5,S ,D,TN,1.459,MG/L,0.5,39.44149,-76.02599
384450,MAIN,CB2.1,10,2014,6.5,B ,D,TN,1.4,MG/L,5,39.44149,-76.02599
384450,MAIN,CB2.1,10,2014,6.5,B ,D,TP,0.0409,MG/L,5,39.44149,-76.02599
384450,MAIN,CB2.1,10,2014,6.5,S ,D,TP,0.0368,MG/L,0.5,39.44149,-76.02599
384450,MAIN,CB2.1,10,2014,6.5,B ,ISM,WTEMP,16.4,DEG C,5,39.44149,-76.02599
384450,MAIN,CB2.1,10,2014,6.5,S ,ISM,WTEMP,16.3,DEG C,0.5,39.44149,-76.02599
384472,MAIN,CB2.1,11,2014,6.5,B ,ISM,DO,12.2,MG/L,5,39.44149,-76.02599
384472,MAIN,CB2.1,11,2014,6.5,S ,ISM,DO,12.6,MG/L,0.5,39.44149,-76.02599
384472,MAIN,CB2.1,11,2014,6.5,S ,ISM,SALINITY,0.8,PPT,0.5,39.44149,-76.02599
384472,MAIN,CB2.1,11,2014,6.5,B ,ISM,SALINITY,3.68,PPT,5,39.44149,-76.02599
384472,MAIN,CB2.1,11,2014,6.5,S ,D,TN,1.335,MG/L,0.5,39.44149,-76.02599
384472,MAIN,CB2.1,11,2014,6.5,B ,D,TN,1.4593,MG/L,5,39.44149,-76.02599
384472,MAIN,CB2.1,11,2014,6.5,B ,D,TP,0.0719,MG/L,5,39.44149,-76.02599
384472,MAIN,CB2.1,11,2014,6.5,S ,D,TP,0.0429,MG/L,0.5,39.44149,-76.02599
384472,MAIN,CB2.1,11,2014,6.5,B ,ISM,WTEMP,5,DEG C,5,39.44149,-76.02599
384472,MAIN,CB2.1,11,2014,6.5,S ,ISM,WTEMP,4.2,DEG C,0.5,39.44149,-76.02599
384486,MAIN,CB2.1,12,2014,6.5,B ,ISM,DO,12.5,MG/L,5,39.44149,-76.02599
384486,MAIN,CB2.1,12,2014,6.5,S ,ISM,DO,12.9,MG/L,0.5,39.44149,-76.02599
384486,MAIN,CB2.1,12,2014,6.5,S ,ISM,SALINITY,0,PPT,0.5,39.44149,-76.02599
384486,MAIN,CB2.1,12,2014,6.5,B ,ISM,SALINITY,0.62,PPT,5,39.44149,-76.02599
384486,MAIN,CB2.1,12,2014,6.5,S ,D,TN,1.5886,MG/L,0.5,39.44149,-76.02599
384486,MAIN,CB2.1,12,2014,6.5,B ,D,TN,1.593,MG/L,5,39.44149,-76.02599
384486,MAIN,CB2.1,12,2014,6.5,B ,D,TP,0.039,MG/L,5,39.44149,-76.02599
384486,MAIN,CB2.1,12,2014,6.5,S ,D,TP,0.0354,MG/L,0.5,39.44149,-76.02599
384486,MAIN,CB2.1,12,2014,6.5,B ,ISM,WTEMP,3.9,DEG C,5,39.44149,-76.02599
384486,MAIN,CB2.1,12,2014,6.5,S ,ISM,WTEMP,3.9,DEG C,0.5,39.44149,-76.02599
384429,MAIN,CB2.2,9,2014,12,B ,ISM,DO,5.7,MG/L,11,39.34873,-76.17579
384429,MAIN,CB2.2,9,2014,12,S ,ISM,DO,7.5,MG/L,0.5,39.34873,-76.17579
384429,MAIN,CB2.2,9,2014,12,S ,ISM,SALINITY,3,PPT,0.5,39.34873,-76.17579
384429,MAIN,CB2.2,9,2014,12,B ,ISM,SALINITY,6.06,PPT,11,39.34873,-76.17579
384429,MAIN,CB2.2,9,2014,12,B ,D,TN,0.8099,MG/L,11,39.34873,-76.17579
384429,MAIN,CB2.2,9,2014,12,S ,D,TN,0.9502,MG/L,0.5,39.34873,-76.17579
384429,MAIN,CB2.2,9,2014,12,S ,D,TN,0.9515,MG/L,0.5,39.34873,-76.17579
384429,MAIN,CB2.2,9,2014,12,S ,D,TP,0.0463,MG/L,0.5,39.34873,-76.17579
384429,MAIN,CB2.2,9,2014,12,S ,D,TP,0.0454,MG/L,0.5,39.34873,-76.17579
384429,MAIN,CB2.2,9,2014,12,B ,D,TP,0.0651,MG/L,11,39.34873,-76.17579
384429,MAIN,CB2.2,9,2014,12,B ,ISM,WTEMP,23.1,DEG C,11,39.34873,-76.17579
384429,MAIN,CB2.2,9,2014,12,S ,ISM,WTEMP,22.5,DEG C,0.5,39.34873,-76.17579
384451,MAIN,CB2.2,10,2014,12,B ,ISM,DO,8.6,MG/L,11,39.34873,-76.17579
384451,MAIN,CB2.2,10,2014,12,S ,ISM,DO,9,MG/L,0.5,39.34873,-76.17579
384451,MAIN,CB2.2,10,2014,12,S ,ISM,SALINITY,3.47,PPT,0.5,39.34873,-76.17579
384451,MAIN,CB2.2,10,2014,12,B ,ISM,SALINITY,5.02,PPT,11,39.34873,-76.17579
384451,MAIN,CB2.2,10,2014,12,S ,D,TN,1.0758,MG/L,0.5,39.34873,-76.17579
384451,MAIN,CB2.2,10,2014,12,S ,D,TN,1.0519,MG/L,0.5,39.34873,-76.17579
384451,MAIN,CB2.2,10,2014,12,B ,D,TN,1.077,MG/L,11,39.34873,-76.17579
384451,MAIN,CB2.2,10,2014,12,B ,D,TP,0.0729,MG/L,11,39.34873,-76.17579
384451,MAIN,CB2.2,10,2014,12,S ,D,TP,0.036,MG/L,0.5,39.34873,-76.17579
384451,MAIN,CB2.2,10,2014,12,S ,D,TP,0.0348,MG/L,0.5,39.34873,-76.17579
384451,MAIN,CB2.2,10,2014,12,B ,ISM,WTEMP,16.8,DEG C,11,39.34873,-76.17579
384451,MAIN,CB2.2,10,2014,12,S ,ISM,WTEMP,16.5,DEG C,0.5,39.34873,-76.17579
384473,MAIN,CB2.2,11,2014,12,B ,ISM,DO,11.3,MG/L,11,39.34873,-76.17579
384473,MAIN,CB2.2,11,2014,12,S ,ISM,DO,11.2,MG/L,0.5,39.34873,-76.17579
384473,MAIN,CB2.2,11,2014,12,S ,ISM,SALINITY,5.35,PPT,0.5,39.34873,-76.17579
384473,MAIN,CB2.2,11,2014,12,B ,ISM,SALINITY,5.82,PPT,11,39.34873,-76.17579
384473,MAIN,CB2.2,11,2014,12,B ,D,TN,1.51,MG/L,11,39.34873,-76.17579
384473,MAIN,CB2.2,11,2014,12,S ,D,TN,1.2817,MG/L,0.5,39.34873,-76.17579
384473,MAIN,CB2.2,11,2014,12,S ,D,TN,1.1558,MG/L,0.5,39.34873,-76.17579
384473,MAIN,CB2.2,11,2014,12,S ,D,TP,0.0467,MG/L,0.5,39.34873,-76.17579
384473,MAIN,CB2.2,11,2014,12,S ,D,TP,0.0525,MG/L,0.5,39.34873,-76.17579
384473,MAIN,CB2.2,11,2014,12,B ,D,TP,0.1642,MG/L,11,39.34873,-76.17579
384473,MAIN,CB2.2,11,2014,12,B ,ISM,WTEMP,6.9,DEG C,11,39.34873,-76.17579
384473,MAIN,CB2.2,11,2014,12,S ,ISM,WTEMP,7,DEG C,0.5,39.34873,-76.17579
384487,MAIN,CB2.2,12,2014,12.5,B ,ISM,DO,10.7,MG/L,11,39.34873,-76.17579
384487,MAIN,CB2.2,12,2014,12.5,S ,ISM,DO,12.5,MG/L,0.5,39.34873,-76.17579
384487,MAIN,CB2.2,12,2014,12.5,S ,ISM,SALINITY,1.57,PPT,0.5,39.34873,-76.17579
384487,MAIN,CB2.2,12,2014,12.5,B ,ISM,SALINITY,9.01,PPT,11,39.34873,-76.17579
384487,MAIN,CB2.2,12,2014,12.5,S ,D,TN,1.4744,MG/L,0.5,39.34873,-76.17579
384487,MAIN,CB2.2,12,2014,12.5,B ,D,TN,0.903,MG/L,11,39.34873,-76.17579
384487,MAIN,CB2.2,12,2014,12.5,S ,D,TN,1.4871,MG/L,0.5,39.34873,-76.17579
384487,MAIN,CB2.2,12,2014,12.5,S ,D,TP,0.0287,MG/L,0.5,39.34873,-76.17579
384487,MAIN,CB2.2,12,2014,12.5,B ,D,TP,0.0375,MG/L,11,39.34873,-76.17579
384487,MAIN,CB2.2,12,2014,12.5,S ,D,TP,0.027,MG/L,0.5,39.34873,-76.17579
384487,MAIN,CB2.2,12,2014,12.5,B ,ISM,WTEMP,5.4,DEG C,11,39.34873,-76.17579
384487,MAIN,CB2.2,12,2014,12.5,S ,ISM,WTEMP,4.3,DEG C,0.5,39.34873,-76.17579
384430,MAIN,CB3.1,9,2014,13,B ,ISM,DO,2.8,MG/L,12,39.2495,-76.2405
384430,MAIN,CB3.1,9,2014,13,S ,ISM,DO,6.9,MG/L,0.5,39.2495,-76.2405
384430,MAIN,CB3.1,9,2014,13,S ,ISM,SALINITY,6.12,PPT,0.5,39.2495,-76.2405
384430,MAIN,CB3.1,9,2014,13,B ,ISM,SALINITY,13.13,PPT,12,39.2495,-76.2405
384430,MAIN,CB3.1,9,2014,13,B ,D,TN,0.623,MG/L,12,39.2495,-76.2405
384430,MAIN,CB3.1,9,2014,13,S ,D,TN,0.858,MG/L,0.5,39.2495,-76.2405
384430,MAIN,CB3.1,9,2014,13,S ,D,TP,0.0578,MG/L,0.5,39.2495,-76.2405
384430,MAIN,CB3.1,9,2014,13,B ,D,TP,0.079,MG/L,12,39.2495,-76.2405
384430,MAIN,CB3.1,9,2014,13,B ,ISM,WTEMP,24,DEG C,12,39.2495,-76.2405
384430,MAIN,CB3.1,9,2014,13,S ,ISM,WTEMP,22.5,DEG C,0.5,39.2495,-76.2405
384452,MAIN,CB3.1,10,2014,13.5,B ,ISM,DO,8.2,MG/L,12,39.2495,-76.2405
384452,MAIN,CB3.1,10,2014,13.5,S ,ISM,DO,8.8,MG/L,0.5,39.2495,-76.2405
384452,MAIN,CB3.1,10,2014,13.5,S ,ISM,SALINITY,6.62,PPT,0.5,39.2495,-76.2405
384452,MAIN,CB3.1,10,2014,13.5,B ,ISM,SALINITY,10.37,PPT,12,39.2495,-76.2405
384452,MAIN,CB3.1,10,2014,13.5,B ,D,TN,0.724,MG/L,12,39.2495,-76.2405
384452,MAIN,CB3.1,10,2014,13.5,S ,D,TN,0.8466,MG/L,0.5,39.2495,-76.2405
384452,MAIN,CB3.1,10,2014,13.5,S ,D,TP,0.0459,MG/L,0.5,39.2495,-76.2405
384452,MAIN,CB3.1,10,2014,13.5,B ,D,TP,0.0735,MG/L,12,39.2495,-76.2405
384452,MAIN,CB3.1,10,2014,13.5,B ,ISM,WTEMP,17,DEG C,12,39.2495,-76.2405
384452,MAIN,CB3.1,10,2014,13.5,S ,ISM,WTEMP,16.6,DEG C,0.5,39.2495,-76.2405
384474,MAIN,CB3.1,11,2014,13.5,B ,ISM,DO,11.3,MG/L,12,39.2495,-76.2405
384474,MAIN,CB3.1,11,2014,13.5,S ,ISM,DO,11.1,MG/L,0.5,39.2495,-76.2405
384474,MAIN,CB3.1,11,2014,13.5,S ,ISM,SALINITY,7.81,PPT,0.5,39.2495,-76.2405
384474,MAIN,CB3.1,11,2014,13.5,B ,ISM,SALINITY,8.44,PPT,12,39.2495,-76.2405
384474,MAIN,CB3.1,11,2014,13.5,S ,D,TN,1.047,MG/L,0.5,39.2495,-76.2405
384474,MAIN,CB3.1,11,2014,13.5,B ,D,TN,1.115,MG/L,12,39.2495,-76.2405
384474,MAIN,CB3.1,11,2014,13.5,B ,D,TP,0.1122,MG/L,12,39.2495,-76.2405
384474,MAIN,CB3.1,11,2014,13.5,S ,D,TP,0.0509,MG/L,0.5,39.2495,-76.2405
384474,MAIN,CB3.1,11,2014,13.5,B ,ISM,WTEMP,6.5,DEG C,12,39.2495,-76.2405
384474,MAIN,CB3.1,11,2014,13.5,S ,ISM,WTEMP,6.8,DEG C,0.5,39.2495,-76.2405
384488,MAIN,CB3.1,12,2014,14,B ,ISM,DO,9.2,MG/L,13,39.2495,-76.2405
384488,MAIN,CB3.1,12,2014,14,S ,ISM,DO,12.4,MG/L,0.5,39.2495,-76.2405
384488,MAIN,CB3.1,12,2014,14,S ,ISM,SALINITY,3.3,PPT,0.5,39.2495,-76.2405
384488,MAIN,CB3.1,12,2014,14,B ,ISM,SALINITY,14.93,PPT,13,39.2495,-76.2405
384488,MAIN,CB3.1,12,2014,14,S ,D,TN,1.4,MG/L,0.5,39.2495,-76.2405
384488,MAIN,CB3.1,12,2014,14,B ,D,TN,0.544,MG/L,13,39.2495,-76.2405
384488,MAIN,CB3.1,12,2014,14,B ,D,TP,0.0246,MG/L,13,39.2495,-76.2405
384488,MAIN,CB3.1,12,2014,14,S ,D,TP,0.0379,MG/L,0.5,39.2495,-76.2405
384488,MAIN,CB3.1,12,2014,14,B ,ISM,WTEMP,6.9,DEG C,13,39.2495,-76.2405
384488,MAIN,CB3.1,12,2014,14,S ,ISM,WTEMP,4.4,DEG C,0.5,39.2495,-76.2405
384431,MAIN,CB3.2,9,2014,12.5,B ,ISM,DO,1.5,MG/L,11,39.16369,-76.30631
384431,MAIN,CB3.2,9,2014,12.5,S ,ISM,DO,6.9,MG/L,0.5,39.16369,-76.30631
384431,MAIN,CB3.2,9,2014,12.5,S ,ISM,SALINITY,7.93,PPT,0.5,39.16369,-76.30631
384431,MAIN,CB3.2,9,2014,12.5,B ,ISM,SALINITY,14.8,PPT,11,39.16369,-76.30631
384431,MAIN,CB3.2,9,2014,12.5,S ,D,TN,0.712,MG/L,0.5,39.16369,-76.30631
384431,MAIN,CB3.2,9,2014,12.5,B ,D,TN,0.618,MG/L,11,39.16369,-76.30631
384431,MAIN,CB3.2,9,2014,12.5,B ,D,TP,0.0859,MG/L,11,39.16369,-76.30631
384431,MAIN,CB3.2,9,2014,12.5,S ,D,TP,0.0552,MG/L,0.5,39.16369,-76.30631
384431,MAIN,CB3.2,9,2014,12.5,B ,ISM,WTEMP,24.4,DEG C,11,39.16369,-76.30631
384431,MAIN,CB3.2,9,2014,12.5,S ,ISM,WTEMP,22.3,DEG C,0.5,39.16369,-76.30631
384453,MAIN,CB3.2,10,2014,12.5,B ,ISM,DO,7.4,MG/L,11,39.16369,-76.30631
384453,MAIN,CB3.2,10,2014,12.5,S ,ISM,DO,8.5,MG/L,0.5,39.16369,-76.30631
384453,MAIN,CB3.2,10,2014,12.5,S ,ISM,SALINITY,9.78,PPT,0.5,39.16369,-76.30631
384453,MAIN,CB3.2,10,2014,12.5,B ,ISM,SALINITY,13.06,PPT,11,39.16369,-76.30631
384453,MAIN,CB3.2,10,2014,12.5,B ,D,TN,0.602,MG/L,11,39.16369,-76.30631
384453,MAIN,CB3.2,10,2014,12.5,S ,D,TN,0.703,MG/L,0.5,39.16369,-76.30631
384453,MAIN,CB3.2,10,2014,12.5,S ,D,TP,0.0537,MG/L,0.5,39.16369,-76.30631
384453,MAIN,CB3.2,10,2014,12.5,B ,D,TP,0.0552,MG/L,11,39.16369,-76.30631
384453,MAIN,CB3.2,10,2014,12.5,B ,ISM,WTEMP,17.5,DEG C,11,39.16369,-76.30631
384453,MAIN,CB3.2,10,2014,12.5,S ,ISM,WTEMP,16.5,DEG C,0.5,39.16369,-76.30631
384475,MAIN,CB3.2,11,2014,12.5,B ,ISM,DO,10.8,MG/L,11,39.16369,-76.30631
384475,MAIN,CB3.2,11,2014,12.5,S ,ISM,DO,11,MG/L,0.5,39.16369,-76.30631
384475,MAIN,CB3.2,11,2014,12.5,S ,ISM,SALINITY,10.69,PPT,0.5,39.16369,-76.30631
384475,MAIN,CB3.2,11,2014,12.5,B ,ISM,SALINITY,11.54,PPT,11,39.16369,-76.30631
384475,MAIN,CB3.2,11,2014,12.5,S ,D,TN,0.786,MG/L,0.5,39.16369,-76.30631
384475,MAIN,CB3.2,11,2014,12.5,B ,D,TN,0.707,MG/L,11,39.16369,-76.30631
384475,MAIN,CB3.2,11,2014,12.5,B ,D,TP,0.0455,MG/L,11,39.16369,-76.30631
384475,MAIN,CB3.2,11,2014,12.5,S ,D,TP,0.0421,MG/L,0.5,39.16369,-76.30631
384475,MAIN,CB3.2,11,2014,12.5,B ,ISM,WTEMP,7.2,DEG C,11,39.16369,-76.30631
384475,MAIN,CB3.2,11,2014,12.5,S ,ISM,WTEMP,6.8,DEG C,0.5,39.16369,-76.30631
384489,MAIN,CB3.2,12,2014,13,B ,ISM,DO,9.1,MG/L,12,39.16369,-76.30631
384489,MAIN,CB3.2,12,2014,13,S ,ISM,DO,14.5,MG/L,0.5,39.16369,-76.30631
384489,MAIN,CB3.2,12,2014,13,S ,ISM,SALINITY,6.8,PPT,0.5,39.16369,-76.30631
384489,MAIN,CB3.2,12,2014,13,B ,ISM,SALINITY,16.22,PPT,12,39.16369,-76.30631
384489,MAIN,CB3.2,12,2014,13,S ,D,TN,2.03,MG/L,0.5,39.16369,-76.30631
384489,MAIN,CB3.2,12,2014,13,B ,D,TN,0.514,MG/L,12,39.16369,-76.30631
384489,MAIN,CB3.2,12,2014,13,B ,D,TP,0.0304,MG/L,12,39.16369,-76.30631
384489,MAIN,CB3.2,12,2014,13,S ,D,TP,0.1182,MG/L,0.5,39.16369,-76.30631
384489,MAIN,CB3.2,12,2014,13,B ,ISM,WTEMP,7.3,DEG C,12,39.16369,-76.30631
384489,MAIN,CB3.2,12,2014,13,S ,ISM,WTEMP,5,DEG C,0.5,39.16369,-76.30631
384432,MAIN,CB3.3C,9,2014,24.5,B ,ISM,DO,0.34,MG/L,23,38.99596,-76.35967
384432,MAIN,CB3.3C,9,2014,24.5,S ,ISM,DO,8.4,MG/L,0.5,38.99596,-76.35967
384432,MAIN,CB3.3C,9,2014,24.5,S ,ISM,SALINITY,12.07,PPT,0.5,38.99596,-76.35967
384432,MAIN,CB3.3C,9,2014,24.5,B ,ISM,SALINITY,18.28,PPT,23,38.99596,-76.35967
384432,MAIN,CB3.3C,9,2014,24.5,S ,D,TN,0.702,MG/L,0.5,38.99596,-76.35967
384432,MAIN,CB3.3C,9,2014,24.5,B ,D,TN,0.4076,MG/L,23,38.99596,-76.35967
384432,MAIN,CB3.3C,9,2014,24.5,B ,D,TN,0.3989,MG/L,23,38.99596,-76.35967
384432,MAIN,CB3.3C,9,2014,24.5,B ,D,TP,0.0725,MG/L,23,38.99596,-76.35967
384432,MAIN,CB3.3C,9,2014,24.5,B ,D,TP,0.0698,MG/L,23,38.99596,-76.35967
384432,MAIN,CB3.3C,9,2014,24.5,S ,D,TP,0.0622,MG/L,0.5,38.99596,-76.35967
384432,MAIN,CB3.3C,9,2014,24.5,B ,ISM,WTEMP,25.2,DEG C,23,38.99596,-76.35967
384432,MAIN,CB3.3C,9,2014,24.5,S ,ISM,WTEMP,23.5,DEG C,0.5,38.99596,-76.35967
384454,MAIN,CB3.3C,10,2014,22.5,S ,ISM,DO,9.6,MG/L,0.5,38.99596,-76.35967
384454,MAIN,CB3.3C,10,2014,22.5,B ,ISM,DO,6.5,MG/L,24,38.99596,-76.35967
384454,MAIN,CB3.3C,10,2014,22.5,B ,ISM,SALINITY,14.87,PPT,24,38.99596,-76.35967
384454,MAIN,CB3.3C,10,2014,22.5,S ,ISM,SALINITY,13.79,PPT,0.5,38.99596,-76.35967
384454,MAIN,CB3.3C,10,2014,22.5,B ,D,TN,0.522,MG/L,24,38.99596,-76.35967
384454,MAIN,CB3.3C,10,2014,22.5,S ,D,TN,0.568,MG/L,0.5,38.99596,-76.35967
384454,MAIN,CB3.3C,10,2014,22.5,B ,D,TN,0.533,MG/L,24,38.99596,-76.35967
384454,MAIN,CB3.3C,10,2014,22.5,B ,D,TP,0.0489,MG/L,24,38.99596,-76.35967
384454,MAIN,CB3.3C,10,2014,22.5,S ,D,TP,0.0339,MG/L,0.5,38.99596,-76.35967
384454,MAIN,CB3.3C,10,2014,22.5,B ,D,TP,0.0449,MG/L,24,38.99596,-76.35967
384454,MAIN,CB3.3C,10,2014,22.5,S ,ISM,WTEMP,17.9,DEG C,0.5,38.99596,-76.35967
384454,MAIN,CB3.3C,10,2014,22.5,B ,ISM,WTEMP,18.6,DEG C,24,38.99596,-76.35967
384476,MAIN,CB3.3C,11,2014,25,B ,ISM,DO,6.5,MG/L,24,38.99596,-76.35967
384476,MAIN,CB3.3C,11,2014,25,S ,ISM,DO,10.8,MG/L,0.5,38.99596,-76.35967
384476,MAIN,CB3.3C,11,2014,25,S ,ISM,SALINITY,12.59,PPT,0.5,38.99596,-76.35967
384476,MAIN,CB3.3C,11,2014,25,B ,ISM,SALINITY,18,PPT,24,38.99596,-76.35967
384476,MAIN,CB3.3C,11,2014,25,B ,D,TN,0.61,MG/L,24,38.99596,-76.35967
384476,MAIN,CB3.3C,11,2014,25,B ,D,TN,0.687,MG/L,24,38.99596,-76.35967
384476,MAIN,CB3.3C,11,2014,25,S ,D,TN,0.602,MG/L,0.5,38.99596,-76.35967
384476,MAIN,CB3.3C,11,2014,25,S ,D,TP,0.029,MG/L,0.5,38.99596,-76.35967
384476,MAIN,CB3.3C,11,2014,25,B ,D,TP,0.0613,MG/L,24,38.99596,-76.35967
384476,MAIN,CB3.3C,11,2014,25,B ,D,TP,0.0599,MG/L,24,38.99596,-76.35967
384476,MAIN,CB3.3C,11,2014,25,B ,ISM,WTEMP,13.5,DEG C,24,38.99596,-76.35967
384476,MAIN,CB3.3C,11,2014,25,S ,ISM,WTEMP,7.9,DEG C,0.5,38.99596,-76.35967
384490,MAIN,CB3.3C,12,2014,25,B ,ISM,DO,8.9,MG/L,24,38.99596,-76.35967
384490,MAIN,CB3.3C,12,2014,25,S ,ISM,DO,13.7,MG/L,0.5,38.99596,-76.35967
384490,MAIN,CB3.3C,12,2014,25,S ,ISM,SALINITY,11.47,PPT,0.5,38.99596,-76.35967
384490,MAIN,CB3.3C,12,2014,25,B ,ISM,SALINITY,19.73,PPT,24,38.99596,-76.35967
384490,MAIN,CB3.3C,12,2014,25,S ,D,TN,0.692,MG/L,0.5,38.99596,-76.35967
384490,MAIN,CB3.3C,12,2014,25,B ,D,TN,0.475,MG/L,24,38.99596,-76.35967
384490,MAIN,CB3.3C,12,2014,25,B ,D,TN,0.486,MG/L,24,38.99596,-76.35967
384490,MAIN,CB3.3C,12,2014,25,B ,D,TP,0.0373,MG/L,24,38.99596,-76.35967
384490,MAIN,CB3.3C,12,2014,25,B ,D,TP,0.0355,MG/L,24,38.99596,-76.35967
384490,MAIN,CB3.3C,12,2014,25,S ,D,TP,0.0256,MG/L,0.5,38.99596,-76.35967
384490,MAIN,CB3.3C,12,2014,25,B ,ISM,WTEMP,7.8,DEG C,24,38.99596,-76.35967
384490,MAIN,CB3.3C,12,2014,25,S ,ISM,WTEMP,5.6,DEG C,0.5,38.99596,-76.35967
384433,MAIN,CB3.3E,9,2014,8,B ,ISM,DO,7.5,MG/L,7,39.00412,-76.34517
384433,MAIN,CB3.3E,9,2014,8,S ,ISM,DO,8.8,MG/L,0.5,39.00412,-76.34517
384433,MAIN,CB3.3E,9,2014,8,S ,ISM,SALINITY,11.93,PPT,0.5,39.00412,-76.34517
384433,MAIN,CB3.3E,9,2014,8,B ,ISM,SALINITY,12.53,PPT,7,39.00412,-76.34517
384433,MAIN,CB3.3E,9,2014,8,S ,D,TN,0.637,MG/L,0.5,39.00412,-76.34517
384433,MAIN,CB3.3E,9,2014,8,B ,D,TN,0.505,MG/L,7,39.00412,-76.34517
384433,MAIN,CB3.3E,9,2014,8,B ,D,TP,0.0437,MG/L,7,39.00412,-76.34517
384433,MAIN,CB3.3E,9,2014,8,S ,D,TP,0.0589,MG/L,0.5,39.00412,-76.34517
384433,MAIN,CB3.3E,9,2014,8,B ,ISM,WTEMP,23.6,DEG C,7,39.00412,-76.34517
384433,MAIN,CB3.3E,9,2014,8,S ,ISM,WTEMP,23.6,DEG C,0.5,39.00412,-76.34517
384455,MAIN,CB3.3E,10,2014,8,B ,ISM,DO,7.1,MG/L,7,39.00412,-76.34517
384455,MAIN,CB3.3E,10,2014,8,S ,ISM,DO,8.9,MG/L,0.5,39.00412,-76.34517
384455,MAIN,CB3.3E,10,2014,8,S ,ISM,SALINITY,13.93,PPT,0.5,39.00412,-76.34517
384455,MAIN,CB3.3E,10,2014,8,B ,ISM,SALINITY,14.53,PPT,7,39.00412,-76.34517
384455,MAIN,CB3.3E,10,2014,8,S ,D,TN,0.503,MG/L,0.5,39.00412,-76.34517
384455,MAIN,CB3.3E,10,2014,8,B ,D,TN,0.514,MG/L,7,39.00412,-76.34517
384455,MAIN,CB3.3E,10,2014,8,B ,D,TP,0.0313,MG/L,7,39.00412,-76.34517
384455,MAIN,CB3.3E,10,2014,8,S ,D,TP,0.0293,MG/L,0.5,39.00412,-76.34517
384455,MAIN,CB3.3E,10,2014,8,B ,ISM,WTEMP,18.4,DEG C,7,39.00412,-76.34517
384455,MAIN,CB3.3E,10,2014,8,S ,ISM,WTEMP,17.6,DEG C,0.5,39.00412,-76.34517
384434,MAIN,CB3.3W,9,2014,9,B ,ISM,DO,6.2,MG/L,7,39.00462,-76.3881
384434,MAIN,CB3.3W,9,2014,9,S ,ISM,DO,8.6,MG/L,0.5,39.00462,-76.3881
384434,MAIN,CB3.3W,9,2014,9,S ,ISM,SALINITY,11.28,PPT,0.5,39.00462,-76.3881
384434,MAIN,CB3.3W,9,2014,9,B ,ISM,SALINITY,12.79,PPT,7,39.00462,-76.3881
384434,MAIN,CB3.3W,9,2014,9,S ,D,TN,0.468,MG/L,0.5,39.00462,-76.3881
384434,MAIN,CB3.3W,9,2014,9,B ,D,TN,0.791,MG/L,7,39.00462,-76.3881
384434,MAIN,CB3.3W,9,2014,9,B ,D,TP,0.0493,MG/L,7,39.00462,-76.3881
384434,MAIN,CB3.3W,9,2014,9,S ,D,TP,0.0631,MG/L,0.5,39.00462,-76.3881
384434,MAIN,CB3.3W,9,2014,9,B ,ISM,WTEMP,23.7,DEG C,7,39.00462,-76.3881
384434,MAIN,CB3.3W,9,2014,9,S ,ISM,WTEMP,23.9,DEG C,0.5,39.00462,-76.3881
384456,MAIN,CB3.3W,10,2014,9,B ,ISM,DO,7,MG/L,8,39.00462,-76.3881
384456,MAIN,CB3.3W,10,2014,9,S ,ISM,DO,7.7,MG/L,0.5,39.00462,-76.3881
384456,MAIN,CB3.3W,10,2014,9,S ,ISM,SALINITY,14.33,PPT,0.5,39.00462,-76.3881
384456,MAIN,CB3.3W,10,2014,9,B ,ISM,SALINITY,14.46,PPT,8,39.00462,-76.3881
384456,MAIN,CB3.3W,10,2014,9,S ,D,TN,0.504,MG/L,0.5,39.00462,-76.3881
384456,MAIN,CB3.3W,10,2014,9,B ,D,TN,0.536,MG/L,8,39.00462,-76.3881
384456,MAIN,CB3.3W,10,2014,9,B ,D,TP,0.0402,MG/L,8,39.00462,-76.3881
384456,MAIN,CB3.3W,10,2014,9,S ,D,TP,0.0322,MG/L,0.5,39.00462,-76.3881
384456,MAIN,CB3.3W,10,2014,9,B ,ISM,WTEMP,18.2,DEG C,8,39.00462,-76.3881
384456,MAIN,CB3.3W,10,2014,9,S ,ISM,WTEMP,18.2,DEG C,0.5,39.00462,-76.3881
384435,MAIN,CB4.1C,9,2014,32.5,B ,ISM,DO,0.32,MG/L,31,38.82593,-76.39945
384435,MAIN,CB4.1C,9,2014,32.5,S ,ISM,DO,7.3,MG/L,0.5,38.82593,-76.39945
384435,MAIN,CB4.1C,9,2014,32.5,S ,ISM,SALINITY,13.13,PPT,0.5,38.82593,-76.39945
384435,MAIN,CB4.1C,9,2014,32.5,B ,ISM,SALINITY,19.66,PPT,31,38.82593,-76.39945
384435,MAIN,CB4.1C,9,2014,32.5,S ,D,TN,0.512,MG/L,0.5,38.82593,-76.39945
384435,MAIN,CB4.1C,9,2014,32.5,B ,D,TN,0.4212,MG/L,31,38.82593,-76.39945
384435,MAIN,CB4.1C,9,2014,32.5,B ,D,TP,0.068,MG/L,31,38.82593,-76.39945
384435,MAIN,CB4.1C,9,2014,32.5,S ,D,TP,0.0417,MG/L,0.5,38.82593,-76.39945
384435,MAIN,CB4.1C,9,2014,32.5,B ,ISM,WTEMP,25.3,DEG C,31,38.82593,-76.39945
384435,MAIN,CB4.1C,9,2014,32.5,S ,ISM,WTEMP,23.8,DEG C,0.5,38.82593,-76.39945
384457,MAIN,CB4.1C,10,2014,32.5,B ,ISM,DO,4.3,MG/L,31,38.82593,-76.39945
384457,MAIN,CB4.1C,10,2014,32.5,S ,ISM,DO,9.8,MG/L,0.5,38.82593,-76.39945
384457,MAIN,CB4.1C,10,2014,32.5,S ,ISM,SALINITY,14.66,PPT,0.5,38.82593,-76.39945
384457,MAIN,CB4.1C,10,2014,32.5,B ,ISM,SALINITY,16.77,PPT,31,38.82593,-76.39945
384457,MAIN,CB4.1C,10,2014,32.5,B ,D,TN,0.558,MG/L,31,38.82593,-76.39945
384457,MAIN,CB4.1C,10,2014,32.5,S ,D,TN,0.5,MG/L,0.5,38.82593,-76.39945
384457,MAIN,CB4.1C,10,2014,32.5,S ,D,TP,0.0312,MG/L,0.5,38.82593,-76.39945
384457,MAIN,CB4.1C,10,2014,32.5,B ,D,TP,0.0532,MG/L,31,38.82593,-76.39945
384457,MAIN,CB4.1C,10,2014,32.5,B ,ISM,WTEMP,19.6,DEG C,31,38.82593,-76.39945
384457,MAIN,CB4.1C,10,2014,32.5,S ,ISM,WTEMP,17.8,DEG C,0.5,38.82593,-76.39945
384477,MAIN,CB4.1C,11,2014,32.5,B ,ISM,DO,7.1,MG/L,31,38.82593,-76.39945
384477,MAIN,CB4.1C,11,2014,32.5,S ,ISM,DO,10.6,MG/L,0.5,38.82593,-76.39945
384477,MAIN,CB4.1C,11,2014,32.5,S ,ISM,SALINITY,13.66,PPT,0.5,38.82593,-76.39945
384477,MAIN,CB4.1C,11,2014,32.5,B ,ISM,SALINITY,18.48,PPT,31,38.82593,-76.39945
384477,MAIN,CB4.1C,11,2014,32.5,S ,D,TN,0.624,MG/L,0.5,38.82593,-76.39945
384477,MAIN,CB4.1C,11,2014,32.5,B ,D,TN,0.4961,MG/L,31,38.82593,-76.39945
384477,MAIN,CB4.1C,11,2014,32.5,B ,D,TP,0.0404,MG/L,31,38.82593,-76.39945
384477,MAIN,CB4.1C,11,2014,32.5,S ,D,TP,0.0217,MG/L,0.5,38.82593,-76.39945
384477,MAIN,CB4.1C,11,2014,32.5,B ,ISM,WTEMP,13,DEG C,31,38.82593,-76.39945
384477,MAIN,CB4.1C,11,2014,32.5,S ,ISM,WTEMP,9.3,DEG C,0.5,38.82593,-76.39945
384491,MAIN,CB4.1C,12,2014,33.5,B ,ISM,DO,8.9,MG/L,32,38.82593,-76.39945
384491,MAIN,CB4.1C,12,2014,33.5,S ,ISM,DO,13.3,MG/L,0.5,38.82593,-76.39945
384491,MAIN,CB4.1C,12,2014,33.5,S ,ISM,SALINITY,12.2,PPT,0.5,38.82593,-76.39945
384491,MAIN,CB4.1C,12,2014,33.5,B ,ISM,SALINITY,20.22,PPT,32,38.82593,-76.39945
384491,MAIN,CB4.1C,12,2014,33.5,B ,D,TN,0.506,MG/L,32,38.82593,-76.39945
384491,MAIN,CB4.1C,12,2014,33.5,S ,D,TN,0.618,MG/L,0.5,38.82593,-76.39945
384491,MAIN,CB4.1C,12,2014,33.5,S ,D,TP,0.0238,MG/L,0.5,38.82593,-76.39945
384491,MAIN,CB4.1C,12,2014,33.5,B ,D,TP,0.037,MG/L,32,38.82593,-76.39945
384491,MAIN,CB4.1C,12,2014,33.5,B ,ISM,WTEMP,7.7,DEG C,32,38.82593,-76.39945
384491,MAIN,CB4.1C,12,2014,33.5,S ,ISM,WTEMP,5.6,DEG C,0.5,38.82593,-76.39945
384436,MAIN,CB4.1E,9,2014,24.5,B ,ISM,DO,0.39,MG/L,23,38.81809,-76.37144
384436,MAIN,CB4.1E,9,2014,24.5,S ,ISM,DO,7.3,MG/L,0.5,38.81809,-76.37144
384436,MAIN,CB4.1E,9,2014,24.5,S ,ISM,SALINITY,13.46,PPT,0.5,38.81809,-76.37144
384436,MAIN,CB4.1E,9,2014,24.5,B ,ISM,SALINITY,18.83,PPT,23,38.81809,-76.37144
384436,MAIN,CB4.1E,9,2014,24.5,S ,D,TN,0.519,MG/L,0.5,38.81809,-76.37144
384436,MAIN,CB4.1E,9,2014,24.5,B ,D,TN,0.4883,MG/L,23,38.81809,-76.37144
384436,MAIN,CB4.1E,9,2014,24.5,B ,D,TP,0.0784,MG/L,23,38.81809,-76.37144
384436,MAIN,CB4.1E,9,2014,24.5,S ,D,TP,0.0464,MG/L,0.5,38.81809,-76.37144
384436,MAIN,CB4.1E,9,2014,24.5,B ,ISM,WTEMP,25.2,DEG C,23,38.81809,-76.37144
384436,MAIN,CB4.1E,9,2014,24.5,S ,ISM,WTEMP,23.9,DEG C,0.5,38.81809,-76.37144
384458,MAIN,CB4.1E,10,2014,24,B ,ISM,DO,8,MG/L,23,38.81809,-76.37144
384458,MAIN,CB4.1E,10,2014,24,S ,ISM,DO,8.5,MG/L,0.5,38.81809,-76.37144
384458,MAIN,CB4.1E,10,2014,24,S ,ISM,SALINITY,15.14,PPT,0.5,38.81809,-76.37144
384458,MAIN,CB4.1E,10,2014,24,B ,ISM,SALINITY,15.14,PPT,23,38.81809,-76.37144
384458,MAIN,CB4.1E,10,2014,24,S ,D,TN,0.414,MG/L,0.5,38.81809,-76.37144
384458,MAIN,CB4.1E,10,2014,24,B ,D,TN,0.45,MG/L,23,38.81809,-76.37144
384458,MAIN,CB4.1E,10,2014,24,B ,D,TP,0.0248,MG/L,23,38.81809,-76.37144
384458,MAIN,CB4.1E,10,2014,24,S ,D,TP,0.0214,MG/L,0.5,38.81809,-76.37144
384458,MAIN,CB4.1E,10,2014,24,B ,ISM,WTEMP,17.8,DEG C,23,38.81809,-76.37144
384458,MAIN,CB4.1E,10,2014,24,S ,ISM,WTEMP,17.9,DEG C,0.5,38.81809,-76.37144
384437,MAIN,CB4.1W,9,2014,9.5,B ,ISM,DO,2.2,MG/L,8,38.81498,-76.46272
384437,MAIN,CB4.1W,9,2014,9.5,S ,ISM,DO,7.9,MG/L,0.5,38.81498,-76.46272
384437,MAIN,CB4.1W,9,2014,9.5,S ,ISM,SALINITY,12.99,PPT,0.5,38.81498,-76.46272
384437,MAIN,CB4.1W,9,2014,9.5,B ,ISM,SALINITY,16.15,PPT,8,38.81498,-76.46272
384437,MAIN,CB4.1W,9,2014,9.5,S ,D,TN,0.598,MG/L,0.5,38.81498,-76.46272
384437,MAIN,CB4.1W,9,2014,9.5,B ,D,TN,0.5094,MG/L,8,38.81498,-76.46272
384437,MAIN,CB4.1W,9,2014,9.5,B ,D,TP,0.0556,MG/L,8,38.81498,-76.46272
384437,MAIN,CB4.1W,9,2014,9.5,S ,D,TP,0.0505,MG/L,0.5,38.81498,-76.46272
384437,MAIN,CB4.1W,9,2014,9.5,B ,ISM,WTEMP,24.4,DEG C,8,38.81498,-76.46272
384437,MAIN,CB4.1W,9,2014,9.5,S ,ISM,WTEMP,23.9,DEG C,0.5,38.81498,-76.46272
384459,MAIN,CB4.1W,10,2014,9.5,B ,ISM,DO,7.8,MG/L,8,38.81498,-76.46272
384459,MAIN,CB4.1W,10,2014,9.5,S ,ISM,DO,9.3,MG/L,0.5,38.81498,-76.46272
384459,MAIN,CB4.1W,10,2014,9.5,S ,ISM,SALINITY,14.73,PPT,0.5,38.81498,-76.46272
384459,MAIN,CB4.1W,10,2014,9.5,B ,ISM,SALINITY,15.2,PPT,8,38.81498,-76.46272
384459,MAIN,CB4.1W,10,2014,9.5,S ,D,TN,0.472,MG/L,0.5,38.81498,-76.46272
384459,MAIN,CB4.1W,10,2014,9.5,B ,D,TN,0.465,MG/L,8,38.81498,-76.46272
384459,MAIN,CB4.1W,10,2014,9.5,B ,D,TP,0.0345,MG/L,8,38.81498,-76.46272
384459,MAIN,CB4.1W,10,2014,9.5,S ,D,TP,0.0226,MG/L,0.5,38.81498,-76.46272
384459,MAIN,CB4.1W,10,2014,9.5,B ,ISM,WTEMP,18.2,DEG C,8,38.81498,-76.46272
384459,MAIN,CB4.1W,10,2014,9.5,S ,ISM,WTEMP,17.9,DEG C,0.5,38.81498,-76.46272
384438,MAIN,CB4.2C,9,2014,27.5,B ,ISM,DO,0.42,MG/L,26,38.64618,-76.42127
384438,MAIN,CB4.2C,9,2014,27.5,S ,ISM,DO,7.6,MG/L,0.5,38.64618,-76.42127
384438,MAIN,CB4.2C,9,2014,27.5,S ,ISM,SALINITY,13.79,PPT,0.5,38.64618,-76.42127
384438,MAIN,CB4.2C,9,2014,27.5,B ,ISM,SALINITY,19.94,PPT,26,38.64618,-76.42127
384438,MAIN,CB4.2C,9,2014,27.5,B ,D,TN,0.54,MG/L,26,38.64618,-76.42127
384438,MAIN,CB4.2C,9,2014,27.5,S ,D,TN,0.518,MG/L,0.5,38.64618,-76.42127
384438,MAIN,CB4.2C,9,2014,27.5,S ,D,TP,0.0403,MG/L,0.5,38.64618,-76.42127
384438,MAIN,CB4.2C,9,2014,27.5,B ,D,TP,0.0549,MG/L,26,38.64618,-76.42127
384438,MAIN,CB4.2C,9,2014,27.5,B ,ISM,WTEMP,25.4,DEG C,26,38.64618,-76.42127
384438,MAIN,CB4.2C,9,2014,27.5,S ,ISM,WTEMP,23.9,DEG C,0.5,38.64618,-76.42127
384460,MAIN,CB4.2C,10,2014,27.5,B ,ISM,DO,1.2,MG/L,26,38.64618,-76.42127
384460,MAIN,CB4.2C,10,2014,27.5,S ,ISM,DO,8.8,MG/L,0.5,38.64618,-76.42127
384460,MAIN,CB4.2C,10,2014,27.5,S ,ISM,SALINITY,15.88,PPT,0.5,38.64618,-76.42127
384460,MAIN,CB4.2C,10,2014,27.5,B ,ISM,SALINITY,19.94,PPT,26,38.64618,-76.42127
384460,MAIN,CB4.2C,10,2014,27.5,S ,D,TN,0.438,MG/L,0.5,38.64618,-76.42127
384460,MAIN,CB4.2C,10,2014,27.5,B ,D,TN,0.632,MG/L,26,38.64618,-76.42127
384460,MAIN,CB4.2C,10,2014,27.5,B ,D,TP,0.0638,MG/L,26,38.64618,-76.42127
384460,MAIN,CB4.2C,10,2014,27.5,S ,D,TP,0.0242,MG/L,0.5,38.64618,-76.42127
384460,MAIN,CB4.2C,10,2014,27.5,B ,ISM,WTEMP,21,DEG C,26,38.64618,-76.42127
384460,MAIN,CB4.2C,10,2014,27.5,S ,ISM,WTEMP,18.3,DEG C,0.5,38.64618,-76.42127
384478,MAIN,CB4.2C,11,2014,27,B ,ISM,DO,7.6,MG/L,26,38.64618,-76.42127
384478,MAIN,CB4.2C,11,2014,27,S ,ISM,DO,10.1,MG/L,0.5,38.64618,-76.42127
384478,MAIN,CB4.2C,11,2014,27,S ,ISM,SALINITY,15.41,PPT,0.5,38.64618,-76.42127
384478,MAIN,CB4.2C,11,2014,27,B ,ISM,SALINITY,19.17,PPT,26,38.64618,-76.42127
384478,MAIN,CB4.2C,11,2014,27,S ,D,TN,0.46,MG/L,0.5,38.64618,-76.42127
384478,MAIN,CB4.2C,11,2014,27,B ,D,TN,0.504,MG/L,26,38.64618,-76.42127
384478,MAIN,CB4.2C,11,2014,27,B ,D,TP,0.0442,MG/L,26,38.64618,-76.42127
384478,MAIN,CB4.2C,11,2014,27,S ,D,TP,0.0174,MG/L,0.5,38.64618,-76.42127
384478,MAIN,CB4.2C,11,2014,27,B ,ISM,WTEMP,12.8,DEG C,26,38.64618,-76.42127
384478,MAIN,CB4.2C,11,2014,27,S ,ISM,WTEMP,10.2,DEG C,0.5,38.64618,-76.42127
384492,MAIN,CB4.2C,12,2014,28,B ,ISM,DO,8.9,MG/L,27,38.64618,-76.42127
384492,MAIN,CB4.2C,12,2014,28,S ,ISM,DO,11.6,MG/L,0.5,38.64618,-76.42127
384492,MAIN,CB4.2C,12,2014,28,S ,ISM,SALINITY,13.99,PPT,0.5,38.64618,-76.42127
384492,MAIN,CB4.2C,12,2014,28,B ,ISM,SALINITY,20.92,PPT,27,38.64618,-76.42127
384492,MAIN,CB4.2C,12,2014,28,S ,D,TN,0.481,MG/L,0.5,38.64618,-76.42127
384492,MAIN,CB4.2C,12,2014,28,B ,D,TN,0.496,MG/L,27,38.64618,-76.42127
384492,MAIN,CB4.2C,12,2014,28,B ,D,TP,0.0372,MG/L,27,38.64618,-76.42127
384492,MAIN,CB4.2C,12,2014,28,S ,D,TP,0.0199,MG/L,0.5,38.64618,-76.42127
384492,MAIN,CB4.2C,12,2014,28,B ,ISM,WTEMP,7.7,DEG C,27,38.64618,-76.42127
384492,MAIN,CB4.2C,12,2014,28,S ,ISM,WTEMP,5.8,DEG C,0.5,38.64618,-76.42127
384439,MAIN,CB4.2E,9,2014,10,B ,ISM,DO,7.5,MG/L,9,38.64498,-76.40131
384439,MAIN,CB4.2E,9,2014,10,S ,ISM,DO,7.7,MG/L,0.5,38.64498,-76.40131
384439,MAIN,CB4.2E,9,2014,10,S ,ISM,SALINITY,13.86,PPT,0.5,38.64498,-76.40131
384439,MAIN,CB4.2E,9,2014,10,B ,ISM,SALINITY,13.93,PPT,9,38.64498,-76.40131
384439,MAIN,CB4.2E,9,2014,10,B ,D,TN,0.464,MG/L,9,38.64498,-76.40131
384439,MAIN,CB4.2E,9,2014,10,B ,D,TN,0.469,MG/L,9,38.64498,-76.40131
384439,MAIN,CB4.2E,9,2014,10,S ,D,TN,0.504,MG/L,0.5,38.64498,-76.40131
384439,MAIN,CB4.2E,9,2014,10,S ,D,TP,0.0341,MG/L,0.5,38.64498,-76.40131
384439,MAIN,CB4.2E,9,2014,10,B ,D,TP,0.0361,MG/L,9,38.64498,-76.40131
384439,MAIN,CB4.2E,9,2014,10,B ,D,TP,0.0369,MG/L,9,38.64498,-76.40131
384439,MAIN,CB4.2E,9,2014,10,B ,ISM,WTEMP,23.9,DEG C,9,38.64498,-76.40131
384439,MAIN,CB4.2E,9,2014,10,S ,ISM,WTEMP,23.9,DEG C,0.5,38.64498,-76.40131
384461,MAIN,CB4.2E,10,2014,10,B ,ISM,DO,8,MG/L,9,38.64498,-76.40131
384461,MAIN,CB4.2E,10,2014,10,S ,ISM,DO,8.7,MG/L,0.5,38.64498,-76.40131
384461,MAIN,CB4.2E,10,2014,10,S ,ISM,SALINITY,15.88,PPT,0.5,38.64498,-76.40131
384461,MAIN,CB4.2E,10,2014,10,B ,ISM,SALINITY,15.88,PPT,9,38.64498,-76.40131
384461,MAIN,CB4.2E,10,2014,10,S ,D,TN,0.459,MG/L,0.5,38.64498,-76.40131
384461,MAIN,CB4.2E,10,2014,10,B ,D,TN,0.437,MG/L,9,38.64498,-76.40131
384461,MAIN,CB4.2E,10,2014,10,B ,D,TN,0.5733,MG/L,9,38.64498,-76.40131
384461,MAIN,CB4.2E,10,2014,10,B ,D,TP,0.0219,MG/L,9,38.64498,-76.40131
384461,MAIN,CB4.2E,10,2014,10,B ,D,TP,0.0219,MG/L,9,38.64498,-76.40131
384461,MAIN,CB4.2E,10,2014,10,S ,D,TP,0.0215,MG/L,0.5,38.64498,-76.40131
384461,MAIN,CB4.2E,10,2014,10,B ,ISM,WTEMP,17.8,DEG C,9,38.64498,-76.40131
384461,MAIN,CB4.2E,10,2014,10,S ,ISM,WTEMP,18.2,DEG C,0.5,38.64498,-76.40131
384440,MAIN,CB4.2W,9,2014,10,B ,ISM,DO,6,MG/L,9,38.64354,-76.50217
384440,MAIN,CB4.2W,9,2014,10,S ,ISM,DO,7.2,MG/L,0.5,38.64354,-76.50217
384440,MAIN,CB4.2W,9,2014,10,S ,ISM,SALINITY,13.19,PPT,0.5,38.64354,-76.50217
384440,MAIN,CB4.2W,9,2014,10,B ,ISM,SALINITY,13.93,PPT,9,38.64354,-76.50217
384440,MAIN,CB4.2W,9,2014,10,S ,D,TN,0.536,MG/L,0.5,38.64354,-76.50217
384440,MAIN,CB4.2W,9,2014,10,B ,D,TN,0.524,MG/L,9,38.64354,-76.50217
384440,MAIN,CB4.2W,9,2014,10,B ,D,TP,0.0462,MG/L,9,38.64354,-76.50217
384440,MAIN,CB4.2W,9,2014,10,S ,D,TP,0.0337,MG/L,0.5,38.64354,-76.50217
384440,MAIN,CB4.2W,9,2014,10,B ,ISM,WTEMP,24.1,DEG C,9,38.64354,-76.50217
384440,MAIN,CB4.2W,9,2014,10,S ,ISM,WTEMP,23.9,DEG C,0.5,38.64354,-76.50217
384462,MAIN,CB4.2W,10,2014,9.5,B ,ISM,DO,8.4,MG/L,8,38.64354,-76.50217
384462,MAIN,CB4.2W,10,2014,9.5,S ,ISM,DO,8.7,MG/L,0.5,38.64354,-76.50217
384462,MAIN,CB4.2W,10,2014,9.5,S ,ISM,SALINITY,15.61,PPT,0.5,38.64354,-76.50217
384462,MAIN,CB4.2W,10,2014,9.5,B ,ISM,SALINITY,15.54,PPT,8,38.64354,-76.50217
384462,MAIN,CB4.2W,10,2014,9.5,S ,D,TN,0.418,MG/L,0.5,38.64354,-76.50217
384462,MAIN,CB4.2W,10,2014,9.5,B ,D,TN,0.488,MG/L,8,38.64354,-76.50217
384462,MAIN,CB4.2W,10,2014,9.5,B ,D,TP,0.0298,MG/L,8,38.64354,-76.50217
384462,MAIN,CB4.2W,10,2014,9.5,S ,D,TP,0.0233,MG/L,0.5,38.64354,-76.50217
384462,MAIN,CB4.2W,10,2014,9.5,B ,ISM,WTEMP,17.9,DEG C,8,38.64354,-76.50217
384462,MAIN,CB4.2W,10,2014,9.5,S ,ISM,WTEMP,18.1,DEG C,0.5,38.64354,-76.50217
384441,MAIN,CB4.3C,9,2014,27.5,B ,ISM,DO,0.44,MG/L,26,38.55505,-76.42794
384441,MAIN,CB4.3C,9,2014,27.5,S ,ISM,DO,7.7,MG/L,0.5,38.55505,-76.42794
384441,MAIN,CB4.3C,9,2014,27.5,S ,ISM,SALINITY,13.53,PPT,0.5,38.55505,-76.42794
384441,MAIN,CB4.3C,9,2014,27.5,B ,ISM,SALINITY,20.15,PPT,26,38.55505,-76.42794
384441,MAIN,CB4.3C,9,2014,27.5,B ,D,TN,0.529,MG/L,26,38.55505,-76.42794
384441,MAIN,CB4.3C,9,2014,27.5,S ,D,TN,0.432,MG/L,0.5,38.55505,-76.42794
384441,MAIN,CB4.3C,9,2014,27.5,S ,D,TP,0.0314,MG/L,0.5,38.55505,-76.42794
384441,MAIN,CB4.3C,9,2014,27.5,B ,D,TP,0.0498,MG/L,26,38.55505,-76.42794
384441,MAIN,CB4.3C,9,2014,27.5,B ,ISM,WTEMP,25.4,DEG C,26,38.55505,-76.42794
384441,MAIN,CB4.3C,9,2014,27.5,S ,ISM,WTEMP,23.9,DEG C,0.5,38.55505,-76.42794
384463,MAIN,CB4.3C,10,2014,27.5,B ,ISM,DO,1.5,MG/L,26,38.55505,-76.42794
384463,MAIN,CB4.3C,10,2014,27.5,S ,ISM,DO,8.1,MG/L,0.5,38.55505,-76.42794
384463,MAIN,CB4.3C,10,2014,27.5,S ,ISM,SALINITY,16.36,PPT,0.5,38.55505,-76.42794
384463,MAIN,CB4.3C,10,2014,27.5,B ,ISM,SALINITY,20.08,PPT,26,38.55505,-76.42794
384463,MAIN,CB4.3C,10,2014,27.5,S ,D,TN,0.441,MG/L,0.5,38.55505,-76.42794
384463,MAIN,CB4.3C,10,2014,27.5,B ,D,TN,0.6046,MG/L,26,38.55505,-76.42794
384463,MAIN,CB4.3C,10,2014,27.5,B ,D,TP,0.0666,MG/L,26,38.55505,-76.42794
384463,MAIN,CB4.3C,10,2014,27.5,S ,D,TP,0.0219,MG/L,0.5,38.55505,-76.42794
384463,MAIN,CB4.3C,10,2014,27.5,B ,ISM,WTEMP,21.1,DEG C,26,38.55505,-76.42794
384463,MAIN,CB4.3C,10,2014,27.5,S ,ISM,WTEMP,18.4,DEG C,0.5,38.55505,-76.42794
384479,MAIN,CB4.3C,11,2014,27,B ,ISM,DO,7.4,MG/L,26,38.55505,-76.42794
384479,MAIN,CB4.3C,11,2014,27,S ,ISM,DO,9.8,MG/L,0.5,38.55505,-76.42794
384479,MAIN,CB4.3C,11,2014,27,S ,ISM,SALINITY,15.95,PPT,0.5,38.55505,-76.42794
384479,MAIN,CB4.3C,11,2014,27,B ,ISM,SALINITY,20.01,PPT,26,38.55505,-76.42794
384479,MAIN,CB4.3C,11,2014,27,B ,D,TN,0.4361,MG/L,26,38.55505,-76.42794
384479,MAIN,CB4.3C,11,2014,27,S ,D,TN,0.484,MG/L,0.5,38.55505,-76.42794
384479,MAIN,CB4.3C,11,2014,27,S ,D,TP,0.0184,MG/L,0.5,38.55505,-76.42794
384479,MAIN,CB4.3C,11,2014,27,B ,D,TP,0.0378,MG/L,26,38.55505,-76.42794
384479,MAIN,CB4.3C,11,2014,27,B ,ISM,WTEMP,13.1,DEG C,26,38.55505,-76.42794
384479,MAIN,CB4.3C,11,2014,27,S ,ISM,WTEMP,10.1,DEG C,0.5,38.55505,-76.42794
384493,MAIN,CB4.3C,12,2014,28,B ,ISM,DO,8.9,MG/L,27,38.55505,-76.42794
384493,MAIN,CB4.3C,12,2014,28,S ,ISM,DO,12,MG/L,0.5,38.55505,-76.42794
384493,MAIN,CB4.3C,12,2014,28,S ,ISM,SALINITY,14.46,PPT,0.5,38.55505,-76.42794
384493,MAIN,CB4.3C,12,2014,28,B ,ISM,SALINITY,21.2,PPT,27,38.55505,-76.42794
384493,MAIN,CB4.3C,12,2014,28,B ,D,TN,0.4309,MG/L,27,38.55505,-76.42794
384493,MAIN,CB4.3C,12,2014,28,S ,D,TN,0.482,MG/L,0.5,38.55505,-76.42794
384493,MAIN,CB4.3C,12,2014,28,S ,D,TP,0.0274,MG/L,0.5,38.55505,-76.42794
384493,MAIN,CB4.3C,12,2014,28,B ,D,TP,0.0249,MG/L,27,38.55505,-76.42794
384493,MAIN,CB4.3C,12,2014,28,B ,ISM,WTEMP,7.8,DEG C,27,38.55505,-76.42794
384493,MAIN,CB4.3C,12,2014,28,S ,ISM,WTEMP,6,DEG C,0.5,38.55505,-76.42794
384442,MAIN,CB4.3E,9,2014,22.5,B ,ISM,DO,0.59,MG/L,21,38.55624,-76.39121
384442,MAIN,CB4.3E,9,2014,22.5,S ,ISM,DO,7.3,MG/L,0.5,38.55624,-76.39121
384442,MAIN,CB4.3E,9,2014,22.5,S ,ISM,SALINITY,13.86,PPT,0.5,38.55624,-76.39121
384442,MAIN,CB4.3E,9,2014,22.5,B ,ISM,SALINITY,18.76,PPT,21,38.55624,-76.39121
384442,MAIN,CB4.3E,9,2014,22.5,S ,D,TN,0.425,MG/L,0.5,38.55624,-76.39121
384442,MAIN,CB4.3E,9,2014,22.5,B ,D,TN,0.574,MG/L,21,38.55624,-76.39121
384442,MAIN,CB4.3E,9,2014,22.5,B ,D,TP,0.0669,MG/L,21,38.55624,-76.39121
384442,MAIN,CB4.3E,9,2014,22.5,S ,D,TP,0.0347,MG/L,0.5,38.55624,-76.39121
384442,MAIN,CB4.3E,9,2014,22.5,B ,ISM,WTEMP,25.2,DEG C,21,38.55624,-76.39121
384442,MAIN,CB4.3E,9,2014,22.5,S ,ISM,WTEMP,23.9,DEG C,0.5,38.55624,-76.39121
384464,MAIN,CB4.3E,10,2014,22.5,B ,ISM,DO,4.9,MG/L,21,38.55624,-76.39121
384464,MAIN,CB4.3E,10,2014,22.5,S ,ISM,DO,7.9,MG/L,0.5,38.55624,-76.39121
384464,MAIN,CB4.3E,10,2014,22.5,S ,ISM,SALINITY,16.29,PPT,0.5,38.55624,-76.39121
384464,MAIN,CB4.3E,10,2014,22.5,B ,ISM,SALINITY,17.11,PPT,21,38.55624,-76.39121
384464,MAIN,CB4.3E,10,2014,22.5,S ,D,TN,0.463,MG/L,0.5,38.55624,-76.39121
384464,MAIN,CB4.3E,10,2014,22.5,B ,D,TN,0.636,MG/L,21,38.55624,-76.39121
384464,MAIN,CB4.3E,10,2014,22.5,B ,D,TP,0.0523,MG/L,21,38.55624,-76.39121
384464,MAIN,CB4.3E,10,2014,22.5,S ,D,TP,0.0222,MG/L,0.5,38.55624,-76.39121
384464,MAIN,CB4.3E,10,2014,22.5,B ,ISM,WTEMP,19,DEG C,21,38.55624,-76.39121
384464,MAIN,CB4.3E,10,2014,22.5,S ,ISM,WTEMP,18,DEG C,0.5,38.55624,-76.39121
384443,MAIN,CB4.3W,9,2014,10.5,B ,ISM,DO,5.5,MG/L,9,38.55728,-76.49402
384443,MAIN,CB4.3W,9,2014,10.5,S ,ISM,DO,8.1,MG/L,0.5,38.55728,-76.49402
384443,MAIN,CB4.3W,9,2014,10.5,S ,ISM,SALINITY,13.13,PPT,0.5,38.55728,-76.49402
384443,MAIN,CB4.3W,9,2014,10.5,B ,ISM,SALINITY,14.06,PPT,9,38.55728,-76.49402
384443,MAIN,CB4.3W,9,2014,10.5,S ,D,TN,0.557,MG/L,0.5,38.55728,-76.49402
384443,MAIN,CB4.3W,9,2014,10.5,B ,D,TN,0.507,MG/L,9,38.55728,-76.49402
384443,MAIN,CB4.3W,9,2014,10.5,B ,D,TP,0.0376,MG/L,9,38.55728,-76.49402
384443,MAIN,CB4.3W,9,2014,10.5,S ,D,TP,0.0332,MG/L,0.5,38.55728,-76.49402
384443,MAIN,CB4.3W,9,2014,10.5,B ,ISM,WTEMP,24.2,DEG C,9,38.55728,-76.49402
384443,MAIN,CB4.3W,9,2014,10.5,S ,ISM,WTEMP,24,DEG C,0.5,38.55728,-76.49402
384465,MAIN,CB4.3W,10,2014,10,B ,ISM,DO,8.4,MG/L,9,38.55728,-76.49402
384465,MAIN,CB4.3W,10,2014,10,S ,ISM,DO,8.7,MG/L,0.5,38.55728,-76.49402
384465,MAIN,CB4.3W,10,2014,10,S ,ISM,SALINITY,16.09,PPT,0.5,38.55728,-76.49402
384465,MAIN,CB4.3W,10,2014,10,B ,ISM,SALINITY,16.15,PPT,9,38.55728,-76.49402
384465,MAIN,CB4.3W,10,2014,10,S ,D,TN,0.444,MG/L,0.5,38.55728,-76.49402
384465,MAIN,CB4.3W,10,2014,10,B ,D,TN,0.485,MG/L,9,38.55728,-76.49402
384465,MAIN,CB4.3W,10,2014,10,B ,D,TP,0.0319,MG/L,9,38.55728,-76.49402
384465,MAIN,CB4.3W,10,2014,10,S ,D,TP,0.0255,MG/L,0.5,38.55728,-76.49402
384465,MAIN,CB4.3W,10,2014,10,B ,ISM,WTEMP,17.9,DEG C,9,38.55728,-76.49402
384465,MAIN,CB4.3W,10,2014,10,S ,ISM,WTEMP,17.8,DEG C,0.5,38.55728,-76.49402
384444,MAIN,CB4.4,9,2014,32,B ,ISM,DO,0.9,MG/L,31,38.41457,-76.34565
384444,MAIN,CB4.4,9,2014,32,S ,ISM,DO,8.3,MG/L,0.5,38.41457,-76.34565
384444,MAIN,CB4.4,9,2014,32,S ,ISM,SALINITY,15.07,PPT,0.5,38.41457,-76.34565
384444,MAIN,CB4.4,9,2014,32,B ,ISM,SALINITY,20.22,PPT,31,38.41457,-76.34565
384444,MAIN,CB4.4,9,2014,32,S ,D,TN,0.523,MG/L,0.5,38.41457,-76.34565
384444,MAIN,CB4.4,9,2014,32,B ,D,TN,0.517,MG/L,31,38.41457,-76.34565
384444,MAIN,CB4.4,9,2014,32,B ,D,TP,0.0495,MG/L,31,38.41457,-76.34565
384444,MAIN,CB4.4,9,2014,32,S ,D,TP,0.037,MG/L,0.5,38.41457,-76.34565
384444,MAIN,CB4.4,9,2014,32,B ,ISM,WTEMP,25.5,DEG C,31,38.41457,-76.34565
384444,MAIN,CB4.4,9,2014,32,S ,ISM,WTEMP,25.3,DEG C,0.5,38.41457,-76.34565
384466,MAIN,CB4.4,10,2014,32,B ,ISM,DO,1.8,MG/L,31,38.41457,-76.34565
384466,MAIN,CB4.4,10,2014,32,S ,ISM,DO,8.2,MG/L,0.5,38.41457,-76.34565
384466,MAIN,CB4.4,10,2014,32,S ,ISM,SALINITY,17.04,PPT,0.5,38.41457,-76.34565
384466,MAIN,CB4.4,10,2014,32,B ,ISM,SALINITY,20.29,PPT,31,38.41457,-76.34565
384466,MAIN,CB4.4,10,2014,32,S ,D,TN,0.453,MG/L,0.5,38.41457,-76.34565
384466,MAIN,CB4.4,10,2014,32,B ,D,TN,0.643,MG/L,31,38.41457,-76.34565
384466,MAIN,CB4.4,10,2014,32,B ,D,TP,0.064,MG/L,31,38.41457,-76.34565
384466,MAIN,CB4.4,10,2014,32,S ,D,TP,0.0272,MG/L,0.5,38.41457,-76.34565
384466,MAIN,CB4.4,10,2014,32,B ,ISM,WTEMP,21.2,DEG C,31,38.41457,-76.34565
384466,MAIN,CB4.4,10,2014,32,S ,ISM,WTEMP,19,DEG C,0.5,38.41457,-76.34565
384480,MAIN,CB4.4,11,2014,33,B ,ISM,DO,7.5,MG/L,32,38.41457,-76.34565
384480,MAIN,CB4.4,11,2014,33,S ,ISM,DO,9.7,MG/L,0.5,38.41457,-76.34565
384480,MAIN,CB4.4,11,2014,33,B ,ISM,SALINITY,19.94,PPT,32,38.41457,-76.34565
384480,MAIN,CB4.4,11,2014,33,S ,ISM,SALINITY,16.84,PPT,0.5,38.41457,-76.34565
384480,MAIN,CB4.4,11,2014,33,S ,D,TN,0.42,MG/L,0.5,38.41457,-76.34565
384480,MAIN,CB4.4,11,2014,33,B ,D,TN,0.4144,MG/L,32,38.41457,-76.34565
384480,MAIN,CB4.4,11,2014,33,B ,D,TP,0.0313,MG/L,32,38.41457,-76.34565
384480,MAIN,CB4.4,11,2014,33,S ,D,TP,0.0162,MG/L,0.5,38.41457,-76.34565
384480,MAIN,CB4.4,11,2014,33,B ,ISM,WTEMP,13.2,DEG C,32,38.41457,-76.34565
384480,MAIN,CB4.4,11,2014,33,S ,ISM,WTEMP,11.5,DEG C,0.5,38.41457,-76.34565
384494,MAIN,CB4.4,12,2014,32.5,B ,ISM,DO,9,MG/L,31,38.41457,-76.34565
384494,MAIN,CB4.4,12,2014,32.5,S ,ISM,DO,11.7,MG/L,0.5,38.41457,-76.34565
384494,MAIN,CB4.4,12,2014,32.5,S ,ISM,SALINITY,15.54,PPT,0.5,38.41457,-76.34565
384494,MAIN,CB4.4,12,2014,32.5,B ,ISM,SALINITY,21.83,PPT,31,38.41457,-76.34565
384494,MAIN,CB4.4,12,2014,32.5,S ,D,TN,0.456,MG/L,0.5,38.41457,-76.34565
384494,MAIN,CB4.4,12,2014,32.5,B ,D,TN,0.42,MG/L,31,38.41457,-76.34565
384494,MAIN,CB4.4,12,2014,32.5,B ,D,TP,0.0301,MG/L,31,38.41457,-76.34565
384494,MAIN,CB4.4,12,2014,32.5,S ,D,TP,0.0182,MG/L,0.5,38.41457,-76.34565
384494,MAIN,CB4.4,12,2014,32.5,B ,ISM,WTEMP,7.9,DEG C,31,38.41457,-76.34565
384494,MAIN,CB4.4,12,2014,32.5,S ,ISM,WTEMP,6.6,DEG C,0.5,38.41457,-76.34565
384445,MAIN,CB5.1,9,2014,34.5,B ,ISM,DO,1.1,MG/L,33,38.3187,-76.29215
384445,MAIN,CB5.1,9,2014,34.5,S ,ISM,DO,7.6,MG/L,0.5,38.3187,-76.29215
384445,MAIN,CB5.1,9,2014,34.5,S ,ISM,SALINITY,14.93,PPT,0.5,38.3187,-76.29215
384445,MAIN,CB5.1,9,2014,34.5,B ,ISM,SALINITY,20.36,PPT,33,38.3187,-76.29215
384445,MAIN,CB5.1,9,2014,34.5,S ,D,TN,0.456,MG/L,0.5,38.3187,-76.29215
384445,MAIN,CB5.1,9,2014,34.5,B ,D,TN,0.5415,MG/L,33,38.3187,-76.29215
384445,MAIN,CB5.1,9,2014,34.5,B ,D,TP,0.0531,MG/L,33,38.3187,-76.29215
384445,MAIN,CB5.1,9,2014,34.5,S ,D,TP,0.0286,MG/L,0.5,38.3187,-76.29215
384445,MAIN,CB5.1,9,2014,34.5,B ,ISM,WTEMP,25.5,DEG C,33,38.3187,-76.29215
384445,MAIN,CB5.1,9,2014,34.5,S ,ISM,WTEMP,25,DEG C,0.5,38.3187,-76.29215
384467,MAIN,CB5.1,10,2014,35,B ,ISM,DO,4.3,MG/L,33,38.3187,-76.29215
384467,MAIN,CB5.1,10,2014,35,S ,ISM,DO,8,MG/L,0.5,38.3187,-76.29215
384467,MAIN,CB5.1,10,2014,35,S ,ISM,SALINITY,17.11,PPT,0.5,38.3187,-76.29215
384467,MAIN,CB5.1,10,2014,35,B ,ISM,SALINITY,18.97,PPT,33,38.3187,-76.29215
384467,MAIN,CB5.1,10,2014,35,S ,D,TN,0.437,MG/L,0.5,38.3187,-76.29215
384467,MAIN,CB5.1,10,2014,35,B ,D,TN,0.568,MG/L,33,38.3187,-76.29215
384467,MAIN,CB5.1,10,2014,35,B ,D,TP,0.0596,MG/L,33,38.3187,-76.29215
384467,MAIN,CB5.1,10,2014,35,S ,D,TP,0.0228,MG/L,0.5,38.3187,-76.29215
384467,MAIN,CB5.1,10,2014,35,B ,ISM,WTEMP,20.5,DEG C,33,38.3187,-76.29215
384467,MAIN,CB5.1,10,2014,35,S ,ISM,WTEMP,19,DEG C,0.5,38.3187,-76.29215
384481,MAIN,CB5.1,11,2014,35,B ,ISM,DO,7.8,MG/L,34,38.3187,-76.29215
384481,MAIN,CB5.1,11,2014,35,S ,ISM,DO,9.9,MG/L,0.5,38.3187,-76.29215
384481,MAIN,CB5.1,11,2014,35,S ,ISM,SALINITY,16.97,PPT,0.5,38.3187,-76.29215
384481,MAIN,CB5.1,11,2014,35,B ,ISM,SALINITY,19.8,PPT,34,38.3187,-76.29215
384481,MAIN,CB5.1,11,2014,35,S ,D,TN,0.435,MG/L,0.5,38.3187,-76.29215
384481,MAIN,CB5.1,11,2014,35,B ,D,TN,0.3514,MG/L,34,38.3187,-76.29215
384481,MAIN,CB5.1,11,2014,35,B ,D,TP,0.0249,MG/L,34,38.3187,-76.29215
384481,MAIN,CB5.1,11,2014,35,S ,D,TP,0.0181,MG/L,0.5,38.3187,-76.29215
384481,MAIN,CB5.1,11,2014,35,B ,ISM,WTEMP,13.1,DEG C,34,38.3187,-76.29215
384481,MAIN,CB5.1,11,2014,35,S ,ISM,WTEMP,11.6,DEG C,0.5,38.3187,-76.29215
384495,MAIN,CB5.1,12,2014,35,B ,ISM,DO,9,MG/L,34,38.3187,-76.29215
384495,MAIN,CB5.1,12,2014,35,S ,ISM,DO,11.4,MG/L,0.5,38.3187,-76.29215
384495,MAIN,CB5.1,12,2014,35,S ,ISM,SALINITY,16.15,PPT,0.5,38.3187,-76.29215
384495,MAIN,CB5.1,12,2014,35,B ,ISM,SALINITY,21.83,PPT,34,38.3187,-76.29215
384495,MAIN,CB5.1,12,2014,35,S ,D,TN,0.43,MG/L,0.5,38.3187,-76.29215
384495,MAIN,CB5.1,12,2014,35,B ,D,TN,0.406,MG/L,34,38.3187,-76.29215
384495,MAIN,CB5.1,12,2014,35,B ,D,TP,0.0286,MG/L,34,38.3187,-76.29215
384495,MAIN,CB5.1,12,2014,35,S ,D,TP,0.0194,MG/L,0.5,38.3187,-76.29215
384495,MAIN,CB5.1,12,2014,35,B ,ISM,WTEMP,7.8,DEG C,34,38.3187,-76.29215
384495,MAIN,CB5.1,12,2014,35,S ,ISM,WTEMP,6.6,DEG C,0.5,38.3187,-76.29215
384446,MAIN,CB5.2,9,2014,30.5,B ,ISM,DO,4.9,MG/L,29,38.13705,-76.22787
384446,MAIN,CB5.2,9,2014,30.5,S ,ISM,DO,7.5,MG/L,0.5,38.13705,-76.22787
384446,MAIN,CB5.2,9,2014,30.5,S ,ISM,SALINITY,15.68,PPT,0.5,38.13705,-76.22787
384446,MAIN,CB5.2,9,2014,30.5,B ,ISM,SALINITY,20.15,PPT,29,38.13705,-76.22787
384446,MAIN,CB5.2,9,2014,30.5,S ,D,TN,0.622,MG/L,0.5,38.13705,-76.22787
384446,MAIN,CB5.2,9,2014,30.5,B ,D,TN,0.4906,MG/L,29,38.13705,-76.22787
384446,MAIN,CB5.2,9,2014,30.5,S ,D,TN,0.626,MG/L,0.5,38.13705,-76.22787
384446,MAIN,CB5.2,9,2014,30.5,S ,D,TP,0.0313,MG/L,0.5,38.13705,-76.22787
384446,MAIN,CB5.2,9,2014,30.5,B ,D,TP,0.0513,MG/L,29,38.13705,-76.22787
384446,MAIN,CB5.2,9,2014,30.5,S ,D,TP,0.0336,MG/L,0.5,38.13705,-76.22787
384446,MAIN,CB5.2,9,2014,30.5,B ,ISM,WTEMP,25.3,DEG C,29,38.13705,-76.22787
384446,MAIN,CB5.2,9,2014,30.5,S ,ISM,WTEMP,24.4,DEG C,0.5,38.13705,-76.22787
384468,MAIN,CB5.2,10,2014,31,B ,ISM,DO,5.3,MG/L,30,38.13705,-76.22787
384468,MAIN,CB5.2,10,2014,31,S ,ISM,DO,7.8,MG/L,0.5,38.13705,-76.22787
384468,MAIN,CB5.2,10,2014,31,S ,ISM,SALINITY,17.52,PPT,0.5,38.13705,-76.22787
384468,MAIN,CB5.2,10,2014,31,B ,ISM,SALINITY,19.11,PPT,30,38.13705,-76.22787
384468,MAIN,CB5.2,10,2014,31,S ,D,TN,0.52,MG/L,0.5,38.13705,-76.22787
384468,MAIN,CB5.2,10,2014,31,B ,D,TN,0.557,MG/L,30,38.13705,-76.22787
384468,MAIN,CB5.2,10,2014,31,S ,D,TN,0.57,MG/L,0.5,38.13705,-76.22787
384468,MAIN,CB5.2,10,2014,31,S ,D,TP,0.0282,MG/L,0.5,38.13705,-76.22787
384468,MAIN,CB5.2,10,2014,31,B ,D,TP,0.0546,MG/L,30,38.13705,-76.22787
384468,MAIN,CB5.2,10,2014,31,S ,D,TP,0.0259,MG/L,0.5,38.13705,-76.22787
384468,MAIN,CB5.2,10,2014,31,B ,ISM,WTEMP,20.3,DEG C,30,38.13705,-76.22787
384468,MAIN,CB5.2,10,2014,31,S ,ISM,WTEMP,18.9,DEG C,0.5,38.13705,-76.22787
384482,MAIN,CB5.2,11,2014,31.5,B ,ISM,DO,8.1,MG/L,30,38.13705,-76.22787
384482,MAIN,CB5.2,11,2014,31.5,S ,ISM,DO,9.7,MG/L,0.5,38.13705,-76.22787
384482,MAIN,CB5.2,11,2014,31.5,S ,ISM,SALINITY,17.93,PPT,0.5,38.13705,-76.22787
384482,MAIN,CB5.2,11,2014,31.5,B ,ISM,SALINITY,20.64,PPT,30,38.13705,-76.22787
384482,MAIN,CB5.2,11,2014,31.5,B ,D,TN,0.3774,MG/L,30,38.13705,-76.22787
384482,MAIN,CB5.2,11,2014,31.5,S ,D,TN,0.557,MG/L,0.5,38.13705,-76.22787
384482,MAIN,CB5.2,11,2014,31.5,S ,D,TN,0.57,MG/L,0.5,38.13705,-76.22787
384482,MAIN,CB5.2,11,2014,31.5,S ,D,TP,0.0219,MG/L,0.5,38.13705,-76.22787
384482,MAIN,CB5.2,11,2014,31.5,S ,D,TP,0.0209,MG/L,0.5,38.13705,-76.22787
384482,MAIN,CB5.2,11,2014,31.5,B ,D,TP,0.0254,MG/L,30,38.13705,-76.22787
384482,MAIN,CB5.2,11,2014,31.5,B ,ISM,WTEMP,12.7,DEG C,30,38.13705,-76.22787
384482,MAIN,CB5.2,11,2014,31.5,S ,ISM,WTEMP,11.7,DEG C,0.5,38.13705,-76.22787
384496,MAIN,CB5.2,12,2014,31.5,B ,ISM,DO,8.9,MG/L,30,38.13705,-76.22787
384496,MAIN,CB5.2,12,2014,31.5,S ,ISM,DO,11.2,MG/L,0.5,38.13705,-76.22787
384496,MAIN,CB5.2,12,2014,31.5,S ,ISM,SALINITY,16.9,PPT,0.5,38.13705,-76.22787
384496,MAIN,CB5.2,12,2014,31.5,B ,ISM,SALINITY,22.6,PPT,30,38.13705,-76.22787
384496,MAIN,CB5.2,12,2014,31.5,B ,D,TN,0.37,MG/L,30,38.13705,-76.22787
384496,MAIN,CB5.2,12,2014,31.5,S ,D,TN,0.406,MG/L,0.5,38.13705,-76.22787
384496,MAIN,CB5.2,12,2014,31.5,S ,D,TN,0.463,MG/L,0.5,38.13705,-76.22787
384496,MAIN,CB5.2,12,2014,31.5,S ,D,TP,0.0185,MG/L,0.5,38.13705,-76.22787
384496,MAIN,CB5.2,12,2014,31.5,S ,D,TP,0.0201,MG/L,0.5,38.13705,-76.22787
384496,MAIN,CB5.2,12,2014,31.5,B ,D,TP,0.0283,MG/L,30,38.13705,-76.22787
384496,MAIN,CB5.2,12,2014,31.5,B ,ISM,WTEMP,7.9,DEG C,30,38.13705,-76.22787
384496,MAIN,CB5.2,12,2014,31.5,S ,ISM,WTEMP,6.7,DEG C,0.5,38.13705,-76.22787
384447,MAIN,CB5.3,9,2014,26.5,B ,ISM,DO,5.2,MG/L,25,37.91011,-76.17137
384447,MAIN,CB5.3,9,2014,26.5,S ,ISM,DO,7.9,MG/L,0.5,37.91011,-76.17137
384447,MAIN,CB5.3,9,2014,26.5,S ,ISM,SALINITY,15.14,PPT,0.5,37.91011,-76.17137
384447,MAIN,CB5.3,9,2014,26.5,B ,ISM,SALINITY,21.41,PPT,25,37.91011,-76.17137
384447,MAIN,CB5.3,9,2014,26.5,B ,D,TN,0.4692,MG/L,25,37.91011,-76.17137
384447,MAIN,CB5.3,9,2014,26.5,S ,D,TN,0.489,MG/L,0.5,37.91011,-76.17137
384447,MAIN,CB5.3,9,2014,26.5,S ,D,TP,0.0296,MG/L,0.5,37.91011,-76.17137
384447,MAIN,CB5.3,9,2014,26.5,B ,D,TP,0.0508,MG/L,25,37.91011,-76.17137
384447,MAIN,CB5.3,9,2014,26.5,B ,ISM,WTEMP,25.2,DEG C,25,37.91011,-76.17137
384447,MAIN,CB5.3,9,2014,26.5,S ,ISM,WTEMP,24.3,DEG C,0.5,37.91011,-76.17137
384469,MAIN,CB5.3,10,2014,27,S ,ISM,DO,7.9,MG/L,0.5,37.91011,-76.17137
384469,MAIN,CB5.3,10,2014,27,B ,ISM,DO,7.3,MG/L,26,37.91011,-76.17137
384469,MAIN,CB5.3,10,2014,27,B ,ISM,SALINITY,18.97,PPT,26,37.91011,-76.17137
384469,MAIN,CB5.3,10,2014,27,S ,ISM,SALINITY,17.79,PPT,0.5,37.91011,-76.17137
384469,MAIN,CB5.3,10,2014,27,S ,D,TN,0.472,MG/L,0.5,37.91011,-76.17137
384469,MAIN,CB5.3,10,2014,27,B ,D,TN,0.457,MG/L,26,37.91011,-76.17137
384469,MAIN,CB5.3,10,2014,27,B ,D,TP,0.0357,MG/L,26,37.91011,-76.17137
384469,MAIN,CB5.3,10,2014,27,S ,D,TP,0.0244,MG/L,0.5,37.91011,-76.17137
384469,MAIN,CB5.3,10,2014,27,S ,ISM,WTEMP,19,DEG C,0.5,37.91011,-76.17137
384469,MAIN,CB5.3,10,2014,27,B ,ISM,WTEMP,19.5,DEG C,26,37.91011,-76.17137
384483,MAIN,CB5.3,11,2014,27,B ,ISM,DO,8.3,MG/L,26,37.91011,-76.17137
384483,MAIN,CB5.3,11,2014,27,S ,ISM,DO,10.1,MG/L,0.5,37.91011,-76.17137
384483,MAIN,CB5.3,11,2014,27,S ,ISM,SALINITY,16.97,PPT,0.5,37.91011,-76.17137
384483,MAIN,CB5.3,11,2014,27,B ,ISM,SALINITY,22.53,PPT,26,37.91011,-76.17137
384483,MAIN,CB5.3,11,2014,27,S ,D,TN,0.439,MG/L,0.5,37.91011,-76.17137
384483,MAIN,CB5.3,11,2014,27,B ,D,TN,0.405,MG/L,26,37.91011,-76.17137
384483,MAIN,CB5.3,11,2014,27,B ,D,TP,0.0263,MG/L,26,37.91011,-76.17137
384483,MAIN,CB5.3,11,2014,27,S ,D,TP,0.0181,MG/L,0.5,37.91011,-76.17137
384483,MAIN,CB5.3,11,2014,27,B ,ISM,WTEMP,12.1,DEG C,26,37.91011,-76.17137
384483,MAIN,CB5.3,11,2014,27,S ,ISM,WTEMP,11.1,DEG C,0.5,37.91011,-76.17137
384497,MAIN,CB5.3,12,2014,27.5,B ,ISM,DO,8.6,MG/L,26,37.91011,-76.17137
384497,MAIN,CB5.3,12,2014,27.5,S ,ISM,DO,11.4,MG/L,0.5,37.91011,-76.17137
384497,MAIN,CB5.3,12,2014,27.5,S ,ISM,SALINITY,16.56,PPT,0.5,37.91011,-76.17137
384497,MAIN,CB5.3,12,2014,27.5,B ,ISM,SALINITY,25.23,PPT,26,37.91011,-76.17137
384497,MAIN,CB5.3,12,2014,27.5,S ,D,TN,0.397,MG/L,0.5,37.91011,-76.17137
384497,MAIN,CB5.3,12,2014,27.5,B ,D,TN,0.419,MG/L,26,37.91011,-76.17137
384497,MAIN,CB5.3,12,2014,27.5,B ,D,TP,0.0307,MG/L,26,37.91011,-76.17137
384497,MAIN,CB5.3,12,2014,27.5,S ,D,TP,0.0175,MG/L,0.5,37.91011,-76.17137
384497,MAIN,CB5.3,12,2014,27.5,B ,ISM,WTEMP,8.1,DEG C,26,37.91011,-76.17137
384497,MAIN,CB5.3,12,2014,27.5,S ,ISM,WTEMP,6.7,DEG C,0.5,37.91011,-76.17137
384085,MAIN,CB5.4,9,2014,32,B ,ISM,DO,5.69,MG/L,31,37.80013,-76.17466
384085,MAIN,CB5.4,9,2014,32,S ,ISM,DO,8.04,MG/L,1,37.80013,-76.17466
384085,MAIN,CB5.4,9,2014,32,S ,ISM,SALINITY,16.7,PPT,1,37.80013,-76.17466
384085,MAIN,CB5.4,9,2014,32,B ,ISM,SALINITY,23.24,PPT,31,37.80013,-76.17466
384085,MAIN,CB5.4,9,2014,32,B ,D,TN,0.447,MG/L,31,37.80013,-76.17466
384085,MAIN,CB5.4,9,2014,32,S ,D,TN,0.345,MG/L,1,37.80013,-76.17466
384085,MAIN,CB5.4,9,2014,32,B ,D,TP,0.039,MG/L,31,37.80013,-76.17466
384085,MAIN,CB5.4,9,2014,32,B ,ISM,WTEMP,24.77,DEG C,31,37.80013,-76.17466
384085,MAIN,CB5.4,9,2014,32,S ,ISM,WTEMP,24.03,DEG C,1,37.80013,-76.17466
384086,MAIN,CB5.4,10,2014,32,B ,ISM,DO,7.12,MG/L,31,37.80013,-76.17466
384086,MAIN,CB5.4,10,2014,32,S ,ISM,DO,8.22,MG/L,1,37.80013,-76.17466
384086,MAIN,CB5.4,10,2014,32,S ,ISM,SALINITY,17.22,PPT,1,37.80013,-76.17466
384086,MAIN,CB5.4,10,2014,32,B ,ISM,SALINITY,20.42,PPT,31,37.80013,-76.17466
384086,MAIN,CB5.4,10,2014,32,B ,D,TN,0.4327,MG/L,31,37.80013,-76.17466
384086,MAIN,CB5.4,10,2014,32,S ,D,TN,0.3944,MG/L,1,37.80013,-76.17466
384086,MAIN,CB5.4,10,2014,32,S ,D,TP,0.0189,MG/L,1,37.80013,-76.17466
384086,MAIN,CB5.4,10,2014,32,B ,D,TP,0.0331,MG/L,31,37.80013,-76.17466
384086,MAIN,CB5.4,10,2014,32,B ,ISM,WTEMP,19.34,DEG C,31,37.80013,-76.17466
384086,MAIN,CB5.4,10,2014,32,S ,ISM,WTEMP,18.2,DEG C,1,37.80013,-76.17466
384139,MAIN,CB5.4,12,2014,34,B ,ISM,DO,8.55,MG/L,33,37.80013,-76.17466
384139,MAIN,CB5.4,12,2014,34,S ,ISM,DO,11.33,MG/L,1,37.80013,-76.17466
384139,MAIN,CB5.4,12,2014,34,S ,ISM,SALINITY,18.94,PPT,1,37.80013,-76.17466
384139,MAIN,CB5.4,12,2014,34,B ,ISM,SALINITY,25.9,PPT,33,37.80013,-76.17466
384139,MAIN,CB5.4,12,2014,34,B ,D,TN,0.3239,MG/L,33,37.80013,-76.17466
384139,MAIN,CB5.4,12,2014,34,S ,D,TN,0.3393,MG/L,1,37.80013,-76.17466
384139,MAIN,CB5.4,12,2014,34,S ,D,TP,0.0091,MG/L,1,37.80013,-76.17466
384139,MAIN,CB5.4,12,2014,34,S ,D,TP,0.0057,MG/L,1,37.80013,-76.17466
384139,MAIN,CB5.4,12,2014,34,B ,D,TP,0.0144,MG/L,33,37.80013,-76.17466
384139,MAIN,CB5.4,12,2014,34,B ,D,TP,0.0083,MG/L,33,37.80013,-76.17466
384139,MAIN,CB5.4,12,2014,34,B ,ISM,WTEMP,8.361,DEG C,33,37.80013,-76.17466
384139,MAIN,CB5.4,12,2014,34,S ,ISM,WTEMP,6.949,DEG C,1,37.80013,-76.17466
384087,MAIN,CB5.4W,9,2014,5,B ,ISM,DO,7.35,MG/L,4,37.81347,-76.29467
384087,MAIN,CB5.4W,9,2014,5,S ,ISM,DO,7.4,MG/L,1,37.81347,-76.29467
384087,MAIN,CB5.4W,9,2014,5,S ,ISM,SALINITY,16.11,PPT,1,37.81347,-76.29467
384087,MAIN,CB5.4W,9,2014,5,B ,ISM,SALINITY,16.12,PPT,4,37.81347,-76.29467
384087,MAIN,CB5.4W,9,2014,5,B ,D,TN,0.5456,MG/L,4,37.81347,-76.29467
384087,MAIN,CB5.4W,9,2014,5,S ,D,TN,0.4869,MG/L,1,37.81347,-76.29467
384087,MAIN,CB5.4W,9,2014,5,B ,D,TP,0.0239,MG/L,4,37.81347,-76.29467
384087,MAIN,CB5.4W,9,2014,5,B ,ISM,WTEMP,24.07,DEG C,4,37.81347,-76.29467
384087,MAIN,CB5.4W,9,2014,5,S ,ISM,WTEMP,24.13,DEG C,1,37.81347,-76.29467
384088,MAIN,CB5.4W,10,2014,5,B ,ISM,DO,8.12,MG/L,4,37.81347,-76.29467
384088,MAIN,CB5.4W,10,2014,5,S ,ISM,DO,8.38,MG/L,1,37.81347,-76.29467
384088,MAIN,CB5.4W,10,2014,5,S ,ISM,SALINITY,17.76,PPT,1,37.81347,-76.29467
384088,MAIN,CB5.4W,10,2014,5,B ,ISM,SALINITY,18.44,PPT,4,37.81347,-76.29467
384088,MAIN,CB5.4W,10,2014,5,B ,D,TN,0.4006,MG/L,4,37.81347,-76.29467
384088,MAIN,CB5.4W,10,2014,5,B ,D,TP,0.0219,MG/L,4,37.81347,-76.29467
384088,MAIN,CB5.4W,10,2014,5,B ,ISM,WTEMP,18.53,DEG C,4,37.81347,-76.29467
384088,MAIN,CB5.4W,10,2014,5,S ,ISM,WTEMP,17.95,DEG C,1,37.81347,-76.29467
384140,MAIN,CB5.4W,12,2014,5,B ,ISM,DO,11.45,MG/L,4,37.81347,-76.29467
384140,MAIN,CB5.4W,12,2014,5,S ,ISM,DO,11.42,MG/L,1,37.81347,-76.29467
384140,MAIN,CB5.4W,12,2014,5,S ,ISM,SALINITY,18.16,PPT,1,37.81347,-76.29467
384140,MAIN,CB5.4W,12,2014,5,B ,ISM,SALINITY,18.26,PPT,4,37.81347,-76.29467
384140,MAIN,CB5.4W,12,2014,5,B ,D,TN,0.3334,MG/L,4,37.81347,-76.29467
384140,MAIN,CB5.4W,12,2014,5,S ,D,TN,0.3628,MG/L,1,37.81347,-76.29467
384140,MAIN,CB5.4W,12,2014,5,B ,ISM,WTEMP,6.809,DEG C,4,37.81347,-76.29467
384140,MAIN,CB5.4W,12,2014,5,S ,ISM,WTEMP,6.862,DEG C,1,37.81347,-76.29467
384089,MAIN,CB5.5,9,2014,16,B ,ISM,DO,5.57,MG/L,15,37.6918,-76.18967
384089,MAIN,CB5.5,9,2014,16,S ,ISM,DO,7.64,MG/L,1,37.6918,-76.18967
384089,MAIN,CB5.5,9,2014,16,S ,ISM,SALINITY,17.56,PPT,1,37.6918,-76.18967
384089,MAIN,CB5.5,9,2014,16,B ,ISM,SALINITY,24.07,PPT,15,37.6918,-76.18967
384089,MAIN,CB5.5,9,2014,16,S ,D,TN,0.4166,MG/L,1,37.6918,-76.18967
384089,MAIN,CB5.5,9,2014,16,B ,D,TN,0.3808,MG/L,15,37.6918,-76.18967
384089,MAIN,CB5.5,9,2014,16,B ,D,TP,0.0325,MG/L,15,37.6918,-76.18967
384089,MAIN,CB5.5,9,2014,16,S ,D,TP,0.021,MG/L,1,37.6918,-76.18967
384089,MAIN,CB5.5,9,2014,16,B ,ISM,WTEMP,24.74,DEG C,15,37.6918,-76.18967
384089,MAIN,CB5.5,9,2014,16,S ,ISM,WTEMP,24.38,DEG C,1,37.6918,-76.18967
384090,MAIN,CB5.5,10,2014,16,B ,ISM,DO,7.43,MG/L,15,37.6918,-76.18967
384090,MAIN,CB5.5,10,2014,16,S ,ISM,DO,8.16,MG/L,1,37.6918,-76.18967
384090,MAIN,CB5.5,10,2014,16,S ,ISM,SALINITY,19.16,PPT,1,37.6918,-76.18967
384090,MAIN,CB5.5,10,2014,16,B ,ISM,SALINITY,20.85,PPT,15,37.6918,-76.18967
384090,MAIN,CB5.5,10,2014,16,B ,D,TN,0.3982,MG/L,15,37.6918,-76.18967
384090,MAIN,CB5.5,10,2014,16,S ,D,TN,0.4008,MG/L,1,37.6918,-76.18967
384090,MAIN,CB5.5,10,2014,16,S ,D,TP,0.0201,MG/L,1,37.6918,-76.18967
384090,MAIN,CB5.5,10,2014,16,B ,D,TP,0.0236,MG/L,15,37.6918,-76.18967
384090,MAIN,CB5.5,10,2014,16,B ,ISM,WTEMP,19.39,DEG C,15,37.6918,-76.18967
384090,MAIN,CB5.5,10,2014,16,S ,ISM,WTEMP,18.8,DEG C,1,37.6918,-76.18967
384141,MAIN,CB5.5,12,2014,17,B ,ISM,DO,8.4,MG/L,16,37.6918,-76.18967
384141,MAIN,CB5.5,12,2014,17,S ,ISM,DO,11.21,MG/L,1,37.6918,-76.18967
384141,MAIN,CB5.5,12,2014,17,S ,ISM,SALINITY,19.05,PPT,1,37.6918,-76.18967
384141,MAIN,CB5.5,12,2014,17,B ,ISM,SALINITY,25.04,PPT,16,37.6918,-76.18967
384141,MAIN,CB5.5,12,2014,17,S ,D,TN,0.3491,MG/L,1,37.6918,-76.18967
384141,MAIN,CB5.5,12,2014,17,B ,D,TN,0.3442,MG/L,16,37.6918,-76.18967
384141,MAIN,CB5.5,12,2014,17,B ,D,TP,0.0178,MG/L,16,37.6918,-76.18967
384141,MAIN,CB5.5,12,2014,17,B ,D,TP,0.01,MG/L,16,37.6918,-76.18967
384141,MAIN,CB5.5,12,2014,17,S ,D,TP,0.0108,MG/L,1,37.6918,-76.18967
384141,MAIN,CB5.5,12,2014,17,S ,D,TP,0.0066,MG/L,1,37.6918,-76.18967
384141,MAIN,CB5.5,12,2014,17,B ,ISM,WTEMP,8.272,DEG C,16,37.6918,-76.18967
384141,MAIN,CB5.5,12,2014,17,S ,ISM,WTEMP,6.937,DEG C,1,37.6918,-76.18967
384091,MAIN,CB6.1,9,2014,12,B ,ISM,DO,5.41,MG/L,11,37.58847,-76.16216
384091,MAIN,CB6.1,9,2014,12,S ,ISM,DO,8.17,MG/L,1,37.58847,-76.16216
384091,MAIN,CB6.1,9,2014,12,S ,ISM,SALINITY,17.53,PPT,1,37.58847,-76.16216
384091,MAIN,CB6.1,9,2014,12,B ,ISM,SALINITY,24.01,PPT,11,37.58847,-76.16216
384091,MAIN,CB6.1,9,2014,12,B ,D,TN,0.3998,MG/L,11,37.58847,-76.16216
384091,MAIN,CB6.1,9,2014,12,S ,D,TN,0.3949,MG/L,1,37.58847,-76.16216
384091,MAIN,CB6.1,9,2014,12,B ,D,TP,0.0339,MG/L,11,37.58847,-76.16216
384091,MAIN,CB6.1,9,2014,12,S ,ISM,WTEMP,24.5,DEG C,1,37.58847,-76.16216
384091,MAIN,CB6.1,9,2014,12,B ,ISM,WTEMP,24.79,DEG C,11,37.58847,-76.16216
384092,MAIN,CB6.1,10,2014,12,B ,ISM,DO,7.22,MG/L,11,37.58847,-76.16216
384092,MAIN,CB6.1,10,2014,12,S ,ISM,DO,7.64,MG/L,1,37.58847,-76.16216
384092,MAIN,CB6.1,10,2014,12,S ,ISM,SALINITY,20.44,PPT,1,37.58847,-76.16216
384092,MAIN,CB6.1,10,2014,12,B ,ISM,SALINITY,21.28,PPT,11,37.58847,-76.16216
384092,MAIN,CB6.1,10,2014,12,B ,D,TN,0.3859,MG/L,11,37.58847,-76.16216
384092,MAIN,CB6.1,10,2014,12,S ,D,TN,0.39,MG/L,1,37.58847,-76.16216
384092,MAIN,CB6.1,10,2014,12,S ,D,TP,0.0229,MG/L,1,37.58847,-76.16216
384092,MAIN,CB6.1,10,2014,12,B ,D,TP,0.0243,MG/L,11,37.58847,-76.16216
384092,MAIN,CB6.1,10,2014,12,B ,ISM,WTEMP,19.58,DEG C,11,37.58847,-76.16216
384092,MAIN,CB6.1,10,2014,12,S ,ISM,WTEMP,19.45,DEG C,1,37.58847,-76.16216
384142,MAIN,CB6.1,12,2014,13,B ,ISM,DO,8.77,MG/L,12,37.58847,-76.16216
384142,MAIN,CB6.1,12,2014,13,S ,ISM,DO,11.43,MG/L,1,37.58847,-76.16216
384142,MAIN,CB6.1,12,2014,13,S ,ISM,SALINITY,19.69,PPT,1,37.58847,-76.16216
384142,MAIN,CB6.1,12,2014,13,B ,ISM,SALINITY,25.62,PPT,12,37.58847,-76.16216
384142,MAIN,CB6.1,12,2014,13,S ,D,TN,0.3566,MG/L,1,37.58847,-76.16216
384142,MAIN,CB6.1,12,2014,13,B ,D,TN,0.2931,MG/L,12,37.58847,-76.16216
384142,MAIN,CB6.1,12,2014,13,B ,D,TP,0.0162,MG/L,12,37.58847,-76.16216
384142,MAIN,CB6.1,12,2014,13,B ,D,TP,0.0093,MG/L,12,37.58847,-76.16216
384142,MAIN,CB6.1,12,2014,13,S ,D,TP,0.0092,MG/L,1,37.58847,-76.16216
384142,MAIN,CB6.1,12,2014,13,S ,D,TP,0.0058,MG/L,1,37.58847,-76.16216
384142,MAIN,CB6.1,12,2014,13,B ,ISM,WTEMP,8.26,DEG C,12,37.58847,-76.16216
384142,MAIN,CB6.1,12,2014,13,S ,ISM,WTEMP,7.154,DEG C,1,37.58847,-76.16216
384093,MAIN,CB6.2,9,2014,10,B ,ISM,DO,5.41,MG/L,9,37.4868,-76.15633
384093,MAIN,CB6.2,9,2014,10,S ,ISM,DO,9.82,MG/L,1,37.4868,-76.15633
384093,MAIN,CB6.2,9,2014,10,S ,ISM,SALINITY,17.91,PPT,1,37.4868,-76.15633
384093,MAIN,CB6.2,9,2014,10,B ,ISM,SALINITY,23.89,PPT,9,37.4868,-76.15633
384093,MAIN,CB6.2,9,2014,10,B ,D,TN,0.3967,MG/L,9,37.4868,-76.15633
384093,MAIN,CB6.2,9,2014,10,S ,D,TN,0.4185,MG/L,1,37.4868,-76.15633
384093,MAIN,CB6.2,9,2014,10,B ,D,TP,0.0293,MG/L,9,37.4868,-76.15633
384093,MAIN,CB6.2,9,2014,10,B ,ISM,WTEMP,24.76,DEG C,9,37.4868,-76.15633
384093,MAIN,CB6.2,9,2014,10,S ,ISM,WTEMP,24.74,DEG C,1,37.4868,-76.15633
384094,MAIN,CB6.2,10,2014,10,B ,ISM,DO,7.06,MG/L,9,37.4868,-76.15633
384094,MAIN,CB6.2,10,2014,10,S ,ISM,DO,7.48,MG/L,1,37.4868,-76.15633
384094,MAIN,CB6.2,10,2014,10,S ,ISM,SALINITY,21.2,PPT,1,37.4868,-76.15633
384094,MAIN,CB6.2,10,2014,10,B ,ISM,SALINITY,22.49,PPT,9,37.4868,-76.15633
384094,MAIN,CB6.2,10,2014,10,B ,D,TN,0.4093,MG/L,9,37.4868,-76.15633
384094,MAIN,CB6.2,10,2014,10,S ,D,TN,0.3994,MG/L,1,37.4868,-76.15633
384094,MAIN,CB6.2,10,2014,10,S ,D,TP,0.0258,MG/L,1,37.4868,-76.15633
384094,MAIN,CB6.2,10,2014,10,B ,D,TP,0.0268,MG/L,9,37.4868,-76.15633
384094,MAIN,CB6.2,10,2014,10,B ,ISM,WTEMP,19.88,DEG C,9,37.4868,-76.15633
384094,MAIN,CB6.2,10,2014,10,S ,ISM,WTEMP,19.63,DEG C,1,37.4868,-76.15633
384143,MAIN,CB6.2,12,2014,11,B ,ISM,DO,9.04,MG/L,10,37.4868,-76.15633
384143,MAIN,CB6.2,12,2014,11,S ,ISM,DO,11.41,MG/L,1,37.4868,-76.15633
384143,MAIN,CB6.2,12,2014,11,S ,ISM,SALINITY,19.76,PPT,1,37.4868,-76.15633
384143,MAIN,CB6.2,12,2014,11,B ,ISM,SALINITY,25.61,PPT,10,37.4868,-76.15633
384143,MAIN,CB6.2,12,2014,11,S ,D,TN,0.3282,MG/L,1,37.4868,-76.15633
384143,MAIN,CB6.2,12,2014,11,B ,D,TN,0.3086,MG/L,10,37.4868,-76.15633
384143,MAIN,CB6.2,12,2014,11,S ,D,TP,0.0109,MG/L,1,37.4868,-76.15633
384143,MAIN,CB6.2,12,2014,11,S ,D,TP,0.0066,MG/L,1,37.4868,-76.15633
384143,MAIN,CB6.2,12,2014,11,B ,ISM,WTEMP,8.292,DEG C,10,37.4868,-76.15633
384143,MAIN,CB6.2,12,2014,11,S ,ISM,WTEMP,7.438,DEG C,1,37.4868,-76.15633
384095,MAIN,CB6.3,9,2014,12,B ,ISM,DO,5.76,MG/L,11,37.41153,-76.15966
384095,MAIN,CB6.3,9,2014,12,S ,ISM,DO,8.77,MG/L,1,37.41153,-76.15966
384095,MAIN,CB6.3,9,2014,12,S ,ISM,SALINITY,18.49,PPT,1,37.41153,-76.15966
384095,MAIN,CB6.3,9,2014,12,B ,ISM,SALINITY,23.81,PPT,11,37.41153,-76.15966
384095,MAIN,CB6.3,9,2014,12,S ,D,TN,0.4146,MG/L,1,37.41153,-76.15966
384095,MAIN,CB6.3,9,2014,12,B ,D,TN,0.4204,MG/L,11,37.41153,-76.15966
384095,MAIN,CB6.3,9,2014,12,B ,D,TP,0.0392,MG/L,11,37.41153,-76.15966
384095,MAIN,CB6.3,9,2014,12,B ,ISM,WTEMP,24.72,DEG C,11,37.41153,-76.15966
384095,MAIN,CB6.3,9,2014,12,S ,ISM,WTEMP,24.89,DEG C,1,37.41153,-76.15966
384096,MAIN,CB6.3,10,2014,11,B ,ISM,DO,7.44,MG/L,10,37.41153,-76.15966
384096,MAIN,CB6.3,10,2014,11,S ,ISM,DO,7.52,MG/L,1,37.41153,-76.15966
384096,MAIN,CB6.3,10,2014,11,S ,ISM,SALINITY,21.83,PPT,1,37.41153,-76.15966
384096,MAIN,CB6.3,10,2014,11,B ,ISM,SALINITY,21.87,PPT,10,37.41153,-76.15966
384096,MAIN,CB6.3,10,2014,11,B ,D,TN,0.3894,MG/L,10,37.41153,-76.15966
384096,MAIN,CB6.3,10,2014,11,S ,D,TN,0.399,MG/L,1,37.41153,-76.15966
384096,MAIN,CB6.3,10,2014,11,S ,D,TP,0.0266,MG/L,1,37.41153,-76.15966
384096,MAIN,CB6.3,10,2014,11,B ,D,TP,0.0248,MG/L,10,37.41153,-76.15966
384096,MAIN,CB6.3,10,2014,11,B ,ISM,WTEMP,19.5,DEG C,10,37.41153,-76.15966
384096,MAIN,CB6.3,10,2014,11,S ,ISM,WTEMP,19.53,DEG C,1,37.41153,-76.15966
384144,MAIN,CB6.3,12,2014,12,B ,ISM,DO,9.32,MG/L,11,37.41153,-76.15966
384144,MAIN,CB6.3,12,2014,12,S ,ISM,DO,11.37,MG/L,1,37.41153,-76.15966
384144,MAIN,CB6.3,12,2014,12,S ,ISM,SALINITY,19.89,PPT,1,37.41153,-76.15966
384144,MAIN,CB6.3,12,2014,12,B ,ISM,SALINITY,24.7,PPT,11,37.41153,-76.15966
384144,MAIN,CB6.3,12,2014,12,B ,D,TN,0.3147,MG/L,11,37.41153,-76.15966
384144,MAIN,CB6.3,12,2014,12,S ,D,TN,0.3239,MG/L,1,37.41153,-76.15966
384144,MAIN,CB6.3,12,2014,12,S ,D,TP,0.0083,MG/L,1,37.41153,-76.15966
384144,MAIN,CB6.3,12,2014,12,S ,D,TP,0.0053,MG/L,1,37.41153,-76.15966
384144,MAIN,CB6.3,12,2014,12,B ,D,TP,0.0187,MG/L,11,37.41153,-76.15966
384144,MAIN,CB6.3,12,2014,12,B ,D,TP,0.0105,MG/L,11,37.41153,-76.15966
384144,MAIN,CB6.3,12,2014,12,B ,ISM,WTEMP,8.115,DEG C,11,37.41153,-76.15966
384144,MAIN,CB6.3,12,2014,12,S ,ISM,WTEMP,7.278,DEG C,1,37.41153,-76.15966
384097,MAIN,CB6.4,9,2014,10,B ,ISM,DO,6.06,MG/L,9,37.23653,-76.20799
384097,MAIN,CB6.4,9,2014,10,S ,ISM,DO,8.21,MG/L,1,37.23653,-76.20799
384097,MAIN,CB6.4,9,2014,10,S ,ISM,SALINITY,20.98,PPT,1,37.23653,-76.20799
384097,MAIN,CB6.4,9,2014,10,B ,ISM,SALINITY,23.28,PPT,9,37.23653,-76.20799
384097,MAIN,CB6.4,9,2014,10,S ,D,TN,0.4071,MG/L,1,37.23653,-76.20799
384097,MAIN,CB6.4,9,2014,10,B ,D,TN,0.406,MG/L,9,37.23653,-76.20799
384097,MAIN,CB6.4,9,2014,10,B ,D,TP,0.0235,MG/L,9,37.23653,-76.20799
384097,MAIN,CB6.4,9,2014,10,S ,D,TP,0.0214,MG/L,1,37.23653,-76.20799
384097,MAIN,CB6.4,9,2014,10,B ,ISM,WTEMP,24.65,DEG C,9,37.23653,-76.20799
384097,MAIN,CB6.4,9,2014,10,S ,ISM,WTEMP,25.19,DEG C,1,37.23653,-76.20799
384098,MAIN,CB6.4,10,2014,9,B ,ISM,DO,7.1,MG/L,8,37.23653,-76.20799
384098,MAIN,CB6.4,10,2014,9,S ,ISM,DO,8.41,MG/L,1,37.23653,-76.20799
384098,MAIN,CB6.4,10,2014,9,S ,ISM,SALINITY,22.57,PPT,1,37.23653,-76.20799
384098,MAIN,CB6.4,10,2014,9,B ,ISM,SALINITY,24.56,PPT,8,37.23653,-76.20799
384098,MAIN,CB6.4,10,2014,9,B ,D,TN,0.3448,MG/L,8,37.23653,-76.20799
384098,MAIN,CB6.4,10,2014,9,S ,D,TN,0.3586,MG/L,1,37.23653,-76.20799
384098,MAIN,CB6.4,10,2014,9,S ,D,TP,0.0245,MG/L,1,37.23653,-76.20799
384098,MAIN,CB6.4,10,2014,9,B ,D,TP,0.0228,MG/L,8,37.23653,-76.20799
384098,MAIN,CB6.4,10,2014,9,B ,ISM,WTEMP,19.72,DEG C,8,37.23653,-76.20799
384098,MAIN,CB6.4,10,2014,9,S ,ISM,WTEMP,19.66,DEG C,1,37.23653,-76.20799
384145,MAIN,CB6.4,11,2014,11,B ,ISM,DO,9.17,MG/L,10,37.23653,-76.20799
384145,MAIN,CB6.4,11,2014,11,S ,ISM,DO,9.37,MG/L,1,37.23653,-76.20799
384145,MAIN,CB6.4,11,2014,11,S ,ISM,SALINITY,24.21,PPT,1,37.23653,-76.20799
384145,MAIN,CB6.4,11,2014,11,B ,ISM,SALINITY,24.49,PPT,10,37.23653,-76.20799
384145,MAIN,CB6.4,11,2014,11,B ,D,TN,0.2902,MG/L,10,37.23653,-76.20799
384145,MAIN,CB6.4,11,2014,11,S ,D,TN,0.2984,MG/L,1,37.23653,-76.20799
384145,MAIN,CB6.4,11,2014,11,S ,ISM,WTEMP,10.545,DEG C,1,37.23653,-76.20799
384145,MAIN,CB6.4,11,2014,11,B ,ISM,WTEMP,10.492,DEG C,10,37.23653,-76.20799
384146,MAIN,CB6.4,12,2014,10,B ,ISM,DO,8.85,MG/L,9,37.23653,-76.20799
384146,MAIN,CB6.4,12,2014,10,S ,ISM,DO,11.06,MG/L,1,37.23653,-76.20799
384146,MAIN,CB6.4,12,2014,10,S ,ISM,SALINITY,22.27,PPT,1,37.23653,-76.20799
384146,MAIN,CB6.4,12,2014,10,B ,ISM,SALINITY,26.92,PPT,9,37.23653,-76.20799
384146,MAIN,CB6.4,12,2014,10,B ,D,TN,0.301,MG/L,9,37.23653,-76.20799
384146,MAIN,CB6.4,12,2014,10,S ,D,TN,0.3036,MG/L,1,37.23653,-76.20799
384146,MAIN,CB6.4,12,2014,10,S ,D,TP,0.0108,MG/L,1,37.23653,-76.20799
384146,MAIN,CB6.4,12,2014,10,S ,D,TP,0.0066,MG/L,1,37.23653,-76.20799
384146,MAIN,CB6.4,12,2014,10,B ,D,TP,0.0155,MG/L,9,37.23653,-76.20799
384146,MAIN,CB6.4,12,2014,10,B ,ISM,WTEMP,8.341,DEG C,9,37.23653,-76.20799
384146,MAIN,CB6.4,12,2014,10,S ,ISM,WTEMP,7.478,DEG C,1,37.23653,-76.20799
384099,MAIN,CB7.1,9,2014,19,B ,ISM,DO,5.8,MG/L,18,37.68346,-75.98966
384099,MAIN,CB7.1,9,2014,19,S ,ISM,DO,9.4,MG/L,1,37.68346,-75.98966
384099,MAIN,CB7.1,9,2014,19,S ,ISM,SALINITY,19.77,PPT,1,37.68346,-75.98966
384099,MAIN,CB7.1,9,2014,19,B ,ISM,SALINITY,23.71,PPT,18,37.68346,-75.98966
384099,MAIN,CB7.1,9,2014,19,B ,D,TN,0.4274,MG/L,18,37.68346,-75.98966
384099,MAIN,CB7.1,9,2014,19,S ,D,TN,0.4118,MG/L,1,37.68346,-75.98966
384099,MAIN,CB7.1,9,2014,19,B ,D,TP,0.0422,MG/L,18,37.68346,-75.98966
384099,MAIN,CB7.1,9,2014,19,B ,ISM,WTEMP,24.81,DEG C,18,37.68346,-75.98966
384099,MAIN,CB7.1,9,2014,19,S ,ISM,WTEMP,24.9,DEG C,1,37.68346,-75.98966
384100,MAIN,CB7.1,10,2014,18,B ,ISM,DO,7.34,MG/L,17,37.68346,-75.98966
384100,MAIN,CB7.1,10,2014,18,S ,ISM,DO,8.28,MG/L,1,37.68346,-75.98966
384100,MAIN,CB7.1,10,2014,18,S ,ISM,SALINITY,19.85,PPT,1,37.68346,-75.98966
384100,MAIN,CB7.1,10,2014,18,B ,ISM,SALINITY,21.27,PPT,17,37.68346,-75.98966
384100,MAIN,CB7.1,10,2014,18,B ,D,TN,0.4254,MG/L,17,37.68346,-75.98966
384100,MAIN,CB7.1,10,2014,18,S ,D,TN,0.4107,MG/L,1,37.68346,-75.98966
384100,MAIN,CB7.1,10,2014,18,S ,D,TP,0.0184,MG/L,1,37.68346,-75.98966
384100,MAIN,CB7.1,10,2014,18,B ,D,TP,0.0215,MG/L,17,37.68346,-75.98966
384100,MAIN,CB7.1,10,2014,18,B ,ISM,WTEMP,19.26,DEG C,17,37.68346,-75.98966
384100,MAIN,CB7.1,10,2014,18,S ,ISM,WTEMP,19.07,DEG C,1,37.68346,-75.98966
384147,MAIN,CB7.1,12,2014,19,B ,ISM,DO,8.47,MG/L,18,37.68346,-75.98966
384147,MAIN,CB7.1,12,2014,19,S ,ISM,DO,11.39,MG/L,1,37.68346,-75.98966
384147,MAIN,CB7.1,12,2014,19,S ,ISM,SALINITY,19.99,PPT,1,37.68346,-75.98966
384147,MAIN,CB7.1,12,2014,19,B ,ISM,SALINITY,26.17,PPT,18,37.68346,-75.98966
384147,MAIN,CB7.1,12,2014,19,B ,D,TN,0.3711,MG/L,18,37.68346,-75.98966
384147,MAIN,CB7.1,12,2014,19,S ,D,TN,0.3429,MG/L,1,37.68346,-75.98966
384147,MAIN,CB7.1,12,2014,19,S ,D,TP,0.0088,MG/L,1,37.68346,-75.98966
384147,MAIN,CB7.1,12,2014,19,S ,D,TP,0.0055,MG/L,1,37.68346,-75.98966
384147,MAIN,CB7.1,12,2014,19,B ,ISM,WTEMP,8.507,DEG C,18,37.68346,-75.98966
384147,MAIN,CB7.1,12,2014,19,S ,ISM,WTEMP,7.05,DEG C,1,37.68346,-75.98966
384102,MAIN,CB7.1N,10,2014,26,B ,ISM,DO,7.46,MG/L,25,37.77513,-75.97466
384102,MAIN,CB7.1N,10,2014,26,S ,ISM,DO,7.86,MG/L,1,37.77513,-75.97466
384102,MAIN,CB7.1N,10,2014,26,S ,ISM,SALINITY,18.98,PPT,1,37.77513,-75.97466
384102,MAIN,CB7.1N,10,2014,26,B ,ISM,SALINITY,19.44,PPT,25,37.77513,-75.97466
384102,MAIN,CB7.1N,10,2014,26,S ,D,TN,0.4035,MG/L,1,37.77513,-75.97466
384102,MAIN,CB7.1N,10,2014,26,B ,D,TN,0.4126,MG/L,25,37.77513,-75.97466
384102,MAIN,CB7.1N,10,2014,26,B ,D,TP,0.0206,MG/L,25,37.77513,-75.97466
384102,MAIN,CB7.1N,10,2014,26,S ,D,TP,0.0203,MG/L,1,37.77513,-75.97466
384102,MAIN,CB7.1N,10,2014,26,B ,ISM,WTEMP,18.33,DEG C,25,37.77513,-75.97466
384102,MAIN,CB7.1N,10,2014,26,S ,ISM,WTEMP,18.31,DEG C,1,37.77513,-75.97466
384148,MAIN,CB7.1N,12,2014,25,B ,ISM,DO,8.74,MG/L,24,37.77513,-75.97466
384148,MAIN,CB7.1N,12,2014,25,S ,ISM,DO,11.09,MG/L,1,37.77513,-75.97466
384148,MAIN,CB7.1N,12,2014,25,S ,ISM,SALINITY,19.04,PPT,1,37.77513,-75.97466
384148,MAIN,CB7.1N,12,2014,25,B ,ISM,SALINITY,24.18,PPT,24,37.77513,-75.97466
384148,MAIN,CB7.1N,12,2014,25,B ,D,TN,0.3674,MG/L,24,37.77513,-75.97466
384148,MAIN,CB7.1N,12,2014,25,S ,D,TN,0.3588,MG/L,1,37.77513,-75.97466
384148,MAIN,CB7.1N,12,2014,25,S ,D,TP,0.0091,MG/L,1,37.77513,-75.97466
384148,MAIN,CB7.1N,12,2014,25,S ,D,TP,0.0057,MG/L,1,37.77513,-75.97466
384148,MAIN,CB7.1N,12,2014,25,B ,ISM,WTEMP,8.058,DEG C,24,37.77513,-75.97466
384148,MAIN,CB7.1N,12,2014,25,S ,ISM,WTEMP,6.632,DEG C,1,37.77513,-75.97466
384103,MAIN,CB7.1S,9,2014,16,B ,ISM,DO,5.8,MG/L,15,37.58124,-76.05799
384103,MAIN,CB7.1S,9,2014,16,S ,ISM,DO,7.94,MG/L,1,37.58124,-76.05799
384103,MAIN,CB7.1S,9,2014,16,S ,ISM,SALINITY,21.99,PPT,1,37.58124,-76.05799
384103,MAIN,CB7.1S,9,2014,16,B ,ISM,SALINITY,24.61,PPT,15,37.58124,-76.05799
384103,MAIN,CB7.1S,9,2014,16,S ,D,TN,0.3544,MG/L,1,37.58124,-76.05799
384103,MAIN,CB7.1S,9,2014,16,B ,D,TN,0.3917,MG/L,15,37.58124,-76.05799
384103,MAIN,CB7.1S,9,2014,16,B ,D,TP,0.0331,MG/L,15,37.58124,-76.05799
384103,MAIN,CB7.1S,9,2014,16,S ,D,TP,0.0147,MG/L,1,37.58124,-76.05799
384103,MAIN,CB7.1S,9,2014,16,B ,ISM,WTEMP,24.84,DEG C,15,37.58124,-76.05799
384103,MAIN,CB7.1S,9,2014,16,S ,ISM,WTEMP,24.58,DEG C,1,37.58124,-76.05799
384104,MAIN,CB7.1S,10,2014,16,S ,ISM,DO,8.54,MG/L,1,37.58124,-76.05799
384104,MAIN,CB7.1S,10,2014,16,B ,ISM,DO,7.5,MG/L,15,37.58124,-76.05799
384104,MAIN,CB7.1S,10,2014,16,B ,ISM,SALINITY,22.22,PPT,15,37.58124,-76.05799
384104,MAIN,CB7.1S,10,2014,16,S ,ISM,SALINITY,21.06,PPT,1,37.58124,-76.05799
384104,MAIN,CB7.1S,10,2014,16,B ,D,TN,0.3738,MG/L,15,37.58124,-76.05799
384104,MAIN,CB7.1S,10,2014,16,S ,D,TN,0.3652,MG/L,1,37.58124,-76.05799
384104,MAIN,CB7.1S,10,2014,16,S ,D,TP,0.0185,MG/L,1,37.58124,-76.05799
384104,MAIN,CB7.1S,10,2014,16,B ,D,TP,0.023,MG/L,15,37.58124,-76.05799
384104,MAIN,CB7.1S,10,2014,16,B ,ISM,WTEMP,19.4,DEG C,15,37.58124,-76.05799
384104,MAIN,CB7.1S,10,2014,16,S ,ISM,WTEMP,19.84,DEG C,1,37.58124,-76.05799
384149,MAIN,CB7.1S,12,2014,16,B ,ISM,DO,9.03,MG/L,15,37.58124,-76.05799
384149,MAIN,CB7.1S,12,2014,16,S ,ISM,DO,11.29,MG/L,1,37.58124,-76.05799
384149,MAIN,CB7.1S,12,2014,16,S ,ISM,SALINITY,20.05,PPT,1,37.58124,-76.05799
384149,MAIN,CB7.1S,12,2014,16,B ,ISM,SALINITY,25.73,PPT,15,37.58124,-76.05799
384149,MAIN,CB7.1S,12,2014,16,S ,D,TN,0.3235,MG/L,1,37.58124,-76.05799
384149,MAIN,CB7.1S,12,2014,16,B ,D,TN,0.3035,MG/L,15,37.58124,-76.05799
384149,MAIN,CB7.1S,12,2014,16,B ,D,TP,0.0173,MG/L,15,37.58124,-76.05799
384149,MAIN,CB7.1S,12,2014,16,B ,D,TP,0.0098,MG/L,15,37.58124,-76.05799
384149,MAIN,CB7.1S,12,2014,16,S ,D,TP,0.0081,MG/L,1,37.58124,-76.05799
384149,MAIN,CB7.1S,12,2014,16,S ,D,TP,0.0052,MG/L,1,37.58124,-76.05799
384149,MAIN,CB7.1S,12,2014,16,B ,ISM,WTEMP,8.209,DEG C,15,37.58124,-76.05799
384149,MAIN,CB7.1S,12,2014,16,S ,ISM,WTEMP,6.924,DEG C,1,37.58124,-76.05799
384105,MAIN,CB7.2,9,2014,22,B ,ISM,DO,5.75,MG/L,21,37.41153,-76.07966
384105,MAIN,CB7.2,9,2014,22,S ,ISM,DO,8.41,MG/L,1,37.41153,-76.07966
384105,MAIN,CB7.2,9,2014,22,S ,ISM,SALINITY,20.05,PPT,1,37.41153,-76.07966
384105,MAIN,CB7.2,9,2014,22,B ,ISM,SALINITY,25.86,PPT,21,37.41153,-76.07966
384105,MAIN,CB7.2,9,2014,22,S ,D,TN,0.3989,MG/L,1,37.41153,-76.07966
384105,MAIN,CB7.2,9,2014,22,B ,D,TN,0.3692,MG/L,21,37.41153,-76.07966
384105,MAIN,CB7.2,9,2014,22,B ,D,TP,0.0357,MG/L,21,37.41153,-76.07966
384105,MAIN,CB7.2,9,2014,22,B ,ISM,WTEMP,24.76,DEG C,21,37.41153,-76.07966
384105,MAIN,CB7.2,9,2014,22,S ,ISM,WTEMP,24.95,DEG C,1,37.41153,-76.07966
384106,MAIN,CB7.2,10,2014,22,B ,ISM,DO,7.32,MG/L,21,37.41153,-76.07966
384106,MAIN,CB7.2,10,2014,22,S ,ISM,DO,8.54,MG/L,1,37.41153,-76.07966
384106,MAIN,CB7.2,10,2014,22,S ,ISM,SALINITY,21.26,PPT,1,37.41153,-76.07966
384106,MAIN,CB7.2,10,2014,22,B ,ISM,SALINITY,23.32,PPT,21,37.41153,-76.07966
384106,MAIN,CB7.2,10,2014,22,B ,D,TN,0.3761,MG/L,21,37.41153,-76.07966
384106,MAIN,CB7.2,10,2014,22,S ,D,TN,0.3817,MG/L,1,37.41153,-76.07966
384106,MAIN,CB7.2,10,2014,22,S ,D,TP,0.0219,MG/L,1,37.41153,-76.07966
384106,MAIN,CB7.2,10,2014,22,B ,D,TP,0.0273,MG/L,21,37.41153,-76.07966
384106,MAIN,CB7.2,10,2014,22,B ,ISM,WTEMP,19.5,DEG C,21,37.41153,-76.07966
384106,MAIN,CB7.2,10,2014,22,S ,ISM,WTEMP,20.22,DEG C,1,37.41153,-76.07966
384150,MAIN,CB7.2,12,2014,23,B ,ISM,DO,8.86,MG/L,22,37.41153,-76.07966
384150,MAIN,CB7.2,12,2014,23,S ,ISM,DO,11.21,MG/L,1,37.41153,-76.07966
384150,MAIN,CB7.2,12,2014,23,S ,ISM,SALINITY,20.43,PPT,1,37.41153,-76.07966
384150,MAIN,CB7.2,12,2014,23,B ,ISM,SALINITY,26.94,PPT,22,37.41153,-76.07966
384150,MAIN,CB7.2,12,2014,23,S ,D,TN,0.3395,MG/L,1,37.41153,-76.07966
384150,MAIN,CB7.2,12,2014,23,B ,ISM,WTEMP,8.411,DEG C,22,37.41153,-76.07966
384150,MAIN,CB7.2,12,2014,23,S ,ISM,WTEMP,6.912,DEG C,1,37.41153,-76.07966
384107,MAIN,CB7.2E,9,2014,13,B ,ISM,DO,6.57,MG/L,12,37.41153,-76.02466
384107,MAIN,CB7.2E,9,2014,13,S ,ISM,DO,7.33,MG/L,1,37.41153,-76.02466
384107,MAIN,CB7.2E,9,2014,13,S ,ISM,SALINITY,23.31,PPT,1,37.41153,-76.02466
384107,MAIN,CB7.2E,9,2014,13,B ,ISM,SALINITY,23.68,PPT,12,37.41153,-76.02466
384107,MAIN,CB7.2E,9,2014,13,B ,D,TN,0.3492,MG/L,12,37.41153,-76.02466
384107,MAIN,CB7.2E,9,2014,13,B ,D,TP,0.021,MG/L,12,37.41153,-76.02466
384107,MAIN,CB7.2E,9,2014,13,S ,ISM,WTEMP,24.66,DEG C,1,37.41153,-76.02466
384107,MAIN,CB7.2E,9,2014,13,B ,ISM,WTEMP,24.58,DEG C,12,37.41153,-76.02466
384108,MAIN,CB7.2E,10,2014,12,B ,ISM,DO,7.57,MG/L,11,37.41153,-76.02466
384108,MAIN,CB7.2E,10,2014,12,S ,ISM,DO,7.8,MG/L,1,37.41153,-76.02466
384108,MAIN,CB7.2E,10,2014,12,S ,ISM,SALINITY,22.63,PPT,1,37.41153,-76.02466
384108,MAIN,CB7.2E,10,2014,12,B ,ISM,SALINITY,22.94,PPT,11,37.41153,-76.02466
384108,MAIN,CB7.2E,10,2014,12,B ,D,TN,0.3436,MG/L,11,37.41153,-76.02466
384108,MAIN,CB7.2E,10,2014,12,S ,D,TN,0.3631,MG/L,1,37.41153,-76.02466
384108,MAIN,CB7.2E,10,2014,12,S ,D,TP,0.0212,MG/L,1,37.41153,-76.02466
384108,MAIN,CB7.2E,10,2014,12,B ,D,TP,0.0172,MG/L,11,37.41153,-76.02466
384108,MAIN,CB7.2E,10,2014,12,B ,ISM,WTEMP,19.45,DEG C,11,37.41153,-76.02466
384108,MAIN,CB7.2E,10,2014,12,S ,ISM,WTEMP,19.32,DEG C,1,37.41153,-76.02466
384151,MAIN,CB7.2E,12,2014,13,B ,ISM,DO,9.67,MG/L,12,37.41153,-76.02466
384151,MAIN,CB7.2E,12,2014,13,S ,ISM,DO,11.02,MG/L,1,37.41153,-76.02466
384151,MAIN,CB7.2E,12,2014,13,S ,ISM,SALINITY,20.84,PPT,1,37.41153,-76.02466
384151,MAIN,CB7.2E,12,2014,13,B ,ISM,SALINITY,24.5,PPT,12,37.41153,-76.02466
384151,MAIN,CB7.2E,12,2014,13,S ,D,TN,0.3162,MG/L,1,37.41153,-76.02466
384151,MAIN,CB7.2E,12,2014,13,B ,D,TN,0.2978,MG/L,12,37.41153,-76.02466
384151,MAIN,CB7.2E,12,2014,13,B ,D,TP,0.0161,MG/L,12,37.41153,-76.02466
384151,MAIN,CB7.2E,12,2014,13,B ,D,TP,0.0092,MG/L,12,37.41153,-76.02466
384151,MAIN,CB7.2E,12,2014,13,S ,D,TP,0.0099,MG/L,1,37.41153,-76.02466
384151,MAIN,CB7.2E,12,2014,13,S ,D,TP,0.0061,MG/L,1,37.41153,-76.02466
384151,MAIN,CB7.2E,12,2014,13,B ,ISM,WTEMP,7.692,DEG C,12,37.41153,-76.02466
384151,MAIN,CB7.2E,12,2014,13,S ,ISM,WTEMP,7.106,DEG C,1,37.41153,-76.02466
384109,MAIN,CB7.3,9,2014,14,B ,ISM,DO,6.7,MG/L,13,37.11681,-76.12521
384109,MAIN,CB7.3,9,2014,14,S ,ISM,DO,7.17,MG/L,1,37.11681,-76.12521
384109,MAIN,CB7.3,9,2014,14,S ,ISM,SALINITY,23.13,PPT,1,37.11681,-76.12521
384109,MAIN,CB7.3,9,2014,14,B ,ISM,SALINITY,27.3,PPT,13,37.11681,-76.12521
384109,MAIN,CB7.3,9,2014,14,S ,D,TN,0.3501,MG/L,1,37.11681,-76.12521
384109,MAIN,CB7.3,9,2014,14,B ,D,TN,0.3035,MG/L,13,37.11681,-76.12521
384109,MAIN,CB7.3,9,2014,14,B ,D,TP,0.021,MG/L,13,37.11681,-76.12521
384109,MAIN,CB7.3,9,2014,14,S ,D,TP,0.0181,MG/L,1,37.11681,-76.12521
384109,MAIN,CB7.3,9,2014,14,B ,ISM,WTEMP,24.46,DEG C,13,37.11681,-76.12521
384109,MAIN,CB7.3,9,2014,14,S ,ISM,WTEMP,24.38,DEG C,1,37.11681,-76.12521
384110,MAIN,CB7.3,10,2014,13,B ,ISM,DO,7.03,MG/L,12,37.11681,-76.12521
384110,MAIN,CB7.3,10,2014,13,S ,ISM,DO,7.52,MG/L,1,37.11681,-76.12521
384110,MAIN,CB7.3,10,2014,13,S ,ISM,SALINITY,25.47,PPT,1,37.11681,-76.12521
384110,MAIN,CB7.3,10,2014,13,B ,ISM,SALINITY,28.33,PPT,12,37.11681,-76.12521
384110,MAIN,CB7.3,10,2014,13,S ,D,TN,0.3344,MG/L,1,37.11681,-76.12521
384110,MAIN,CB7.3,10,2014,13,B ,D,TN,0.3215,MG/L,12,37.11681,-76.12521
384110,MAIN,CB7.3,10,2014,13,B ,D,TP,0.0261,MG/L,12,37.11681,-76.12521
384110,MAIN,CB7.3,10,2014,13,S ,D,TP,0.0252,MG/L,1,37.11681,-76.12521
384110,MAIN,CB7.3,10,2014,13,B ,ISM,WTEMP,19.94,DEG C,12,37.11681,-76.12521
384110,MAIN,CB7.3,10,2014,13,S ,ISM,WTEMP,19.32,DEG C,1,37.11681,-76.12521
384152,MAIN,CB7.3,11,2014,14,B ,ISM,DO,8.98,MG/L,12,37.11681,-76.12521
384152,MAIN,CB7.3,11,2014,14,S ,ISM,DO,9.02,MG/L,1,37.11681,-76.12521
384152,MAIN,CB7.3,11,2014,14,S ,ISM,SALINITY,27.01,PPT,1,37.11681,-76.12521
384152,MAIN,CB7.3,11,2014,14,B ,ISM,SALINITY,27.44,PPT,12,37.11681,-76.12521
384152,MAIN,CB7.3,11,2014,14,B ,D,TN,0.3051,MG/L,12,37.11681,-76.12521
384152,MAIN,CB7.3,11,2014,14,S ,D,TN,0.2724,MG/L,1,37.11681,-76.12521
384152,MAIN,CB7.3,11,2014,14,B ,ISM,WTEMP,11.067,DEG C,12,37.11681,-76.12521
384152,MAIN,CB7.3,11,2014,14,S ,ISM,WTEMP,11.19,DEG C,1,37.11681,-76.12521
384153,MAIN,CB7.3,12,2014,16,B ,ISM,DO,8.81,MG/L,15,37.11681,-76.12521
384153,MAIN,CB7.3,12,2014,16,S ,ISM,DO,10.79,MG/L,1,37.11681,-76.12521
384153,MAIN,CB7.3,12,2014,16,S ,ISM,SALINITY,23.78,PPT,1,37.11681,-76.12521
384153,MAIN,CB7.3,12,2014,16,B ,ISM,SALINITY,30.06,PPT,15,37.11681,-76.12521
384153,MAIN,CB7.3,12,2014,16,S ,D,TN,0.2752,MG/L,1,37.11681,-76.12521
384153,MAIN,CB7.3,12,2014,16,B ,D,TN,0.3107,MG/L,15,37.11681,-76.12521
384153,MAIN,CB7.3,12,2014,16,B ,D,TP,0.032,MG/L,15,37.11681,-76.12521
384153,MAIN,CB7.3,12,2014,16,S ,D,TP,0.0083,MG/L,1,37.11681,-76.12521
384153,MAIN,CB7.3,12,2014,16,S ,D,TP,0.0053,MG/L,1,37.11681,-76.12521
384153,MAIN,CB7.3,12,2014,16,B ,ISM,WTEMP,8.987,DEG C,15,37.11681,-76.12521
384153,MAIN,CB7.3,12,2014,16,S ,ISM,WTEMP,7.255,DEG C,1,37.11681,-76.12521
384111,MAIN,CB7.3E,9,2014,22,B ,ISM,DO,6.35,MG/L,21,37.22875,-76.05383
384111,MAIN,CB7.3E,9,2014,22,S ,ISM,DO,7.29,MG/L,1,37.22875,-76.05383
384111,MAIN,CB7.3E,9,2014,22,S ,ISM,SALINITY,23.47,PPT,1,37.22875,-76.05383
384111,MAIN,CB7.3E,9,2014,22,B ,ISM,SALINITY,28.64,PPT,21,37.22875,-76.05383
384111,MAIN,CB7.3E,9,2014,22,S ,D,TN,0.3811,MG/L,1,37.22875,-76.05383
384111,MAIN,CB7.3E,9,2014,22,B ,D,TN,0.3341,MG/L,21,37.22875,-76.05383
384111,MAIN,CB7.3E,9,2014,22,B ,D,TP,0.0269,MG/L,21,37.22875,-76.05383
384111,MAIN,CB7.3E,9,2014,22,S ,D,TP,0.0154,MG/L,1,37.22875,-76.05383
384111,MAIN,CB7.3E,9,2014,22,B ,ISM,WTEMP,24.15,DEG C,21,37.22875,-76.05383
384111,MAIN,CB7.3E,9,2014,22,S ,ISM,WTEMP,24.16,DEG C,1,37.22875,-76.05383
384112,MAIN,CB7.3E,10,2014,20,B ,ISM,DO,7.44,MG/L,19,37.22875,-76.05383
384112,MAIN,CB7.3E,10,2014,20,S ,ISM,DO,7.82,MG/L,1,37.22875,-76.05383
384112,MAIN,CB7.3E,10,2014,20,S ,ISM,SALINITY,24.3,PPT,1,37.22875,-76.05383
384112,MAIN,CB7.3E,10,2014,20,B ,ISM,SALINITY,26.56,PPT,19,37.22875,-76.05383
384112,MAIN,CB7.3E,10,2014,20,B ,D,TN,0.3502,MG/L,19,37.22875,-76.05383
384112,MAIN,CB7.3E,10,2014,20,S ,D,TN,0.3752,MG/L,1,37.22875,-76.05383
384112,MAIN,CB7.3E,10,2014,20,S ,D,TP,0.025,MG/L,1,37.22875,-76.05383
384112,MAIN,CB7.3E,10,2014,20,B ,D,TP,0.0308,MG/L,19,37.22875,-76.05383
384112,MAIN,CB7.3E,10,2014,20,B ,ISM,WTEMP,18.85,DEG C,19,37.22875,-76.05383
384112,MAIN,CB7.3E,10,2014,20,S ,ISM,WTEMP,19.04,DEG C,1,37.22875,-76.05383
384154,MAIN,CB7.3E,11,2014,22,B ,ISM,DO,8.78,MG/L,21,37.22875,-76.05383
384154,MAIN,CB7.3E,11,2014,22,S ,ISM,DO,9.38,MG/L,1,37.22875,-76.05383
384154,MAIN,CB7.3E,11,2014,22,S ,ISM,SALINITY,25,PPT,1,37.22875,-76.05383
384154,MAIN,CB7.3E,11,2014,22,B ,ISM,SALINITY,29.35,PPT,21,37.22875,-76.05383
384154,MAIN,CB7.3E,11,2014,22,B ,D,TN,0.2788,MG/L,21,37.22875,-76.05383
384154,MAIN,CB7.3E,11,2014,22,S ,D,TN,0.3386,MG/L,1,37.22875,-76.05383
384154,MAIN,CB7.3E,11,2014,22,S ,ISM,WTEMP,10.471,DEG C,1,37.22875,-76.05383
384154,MAIN,CB7.3E,11,2014,22,B ,ISM,WTEMP,11.268,DEG C,21,37.22875,-76.05383
384155,MAIN,CB7.3E,12,2014,19,B ,ISM,DO,9.63,MG/L,18,37.22875,-76.05383
384155,MAIN,CB7.3E,12,2014,19,S ,ISM,DO,10.52,MG/L,1,37.22875,-76.05383
384155,MAIN,CB7.3E,12,2014,19,S ,ISM,SALINITY,24.05,PPT,1,37.22875,-76.05383
384155,MAIN,CB7.3E,12,2014,19,B ,ISM,SALINITY,26.55,PPT,18,37.22875,-76.05383
384155,MAIN,CB7.3E,12,2014,19,B ,D,TN,0.3225,MG/L,18,37.22875,-76.05383
384155,MAIN,CB7.3E,12,2014,19,S ,D,TN,0.2967,MG/L,1,37.22875,-76.05383
384155,MAIN,CB7.3E,12,2014,19,B ,ISM,WTEMP,7.541,DEG C,18,37.22875,-76.05383
384155,MAIN,CB7.3E,12,2014,19,S ,ISM,WTEMP,7.291,DEG C,1,37.22875,-76.05383
384113,MAIN,CB7.4,9,2014,14,B ,ISM,DO,6.61,MG/L,13,36.9957,-76.02048
384113,MAIN,CB7.4,9,2014,14,S ,ISM,DO,7.14,MG/L,1,36.9957,-76.02048
384113,MAIN,CB7.4,9,2014,14,S ,ISM,SALINITY,23.7,PPT,1,36.9957,-76.02048
384113,MAIN,CB7.4,9,2014,14,B ,ISM,SALINITY,30.22,PPT,13,36.9957,-76.02048
384113,MAIN,CB7.4,9,2014,14,S ,D,TN,0.3616,MG/L,1,36.9957,-76.02048
384113,MAIN,CB7.4,9,2014,14,B ,D,TN,0.2281,MG/L,13,36.9957,-76.02048
384113,MAIN,CB7.4,9,2014,14,B ,D,TP,0.0133,MG/L,13,36.9957,-76.02048
384113,MAIN,CB7.4,9,2014,14,S ,D,TP,0.0209,MG/L,1,36.9957,-76.02048
384113,MAIN,CB7.4,9,2014,14,B ,ISM,WTEMP,24.19,DEG C,13,36.9957,-76.02048
384113,MAIN,CB7.4,9,2014,14,S ,ISM,WTEMP,24.05,DEG C,1,36.9957,-76.02048
384114,MAIN,CB7.4,10,2014,15,B ,ISM,DO,6.99,MG/L,14,36.9957,-76.02048
384114,MAIN,CB7.4,10,2014,15,S ,ISM,DO,7.38,MG/L,1,36.9957,-76.02048
384114,MAIN,CB7.4,10,2014,15,S ,ISM,SALINITY,28.2,PPT,1,36.9957,-76.02048
384114,MAIN,CB7.4,10,2014,15,B ,ISM,SALINITY,31.44,PPT,14,36.9957,-76.02048
384114,MAIN,CB7.4,10,2014,15,B ,D,TN,0.2485,MG/L,14,36.9957,-76.02048
384114,MAIN,CB7.4,10,2014,15,S ,D,TN,0.3207,MG/L,1,36.9957,-76.02048
384114,MAIN,CB7.4,10,2014,15,S ,D,TP,0.0224,MG/L,1,36.9957,-76.02048
384114,MAIN,CB7.4,10,2014,15,B ,D,TP,0.0232,MG/L,14,36.9957,-76.02048
384114,MAIN,CB7.4,10,2014,15,B ,ISM,WTEMP,20.01,DEG C,14,36.9957,-76.02048
384114,MAIN,CB7.4,10,2014,15,S ,ISM,WTEMP,19.71,DEG C,1,36.9957,-76.02048
384156,MAIN,CB7.4,11,2014,16,B ,ISM,DO,8.54,MG/L,15,36.9957,-76.02048
384156,MAIN,CB7.4,11,2014,16,S ,ISM,DO,8.72,MG/L,1,36.9957,-76.02048
384156,MAIN,CB7.4,11,2014,16,S ,ISM,SALINITY,28.39,PPT,1,36.9957,-76.02048
384156,MAIN,CB7.4,11,2014,16,B ,ISM,SALINITY,29.14,PPT,15,36.9957,-76.02048
384156,MAIN,CB7.4,11,2014,16,S ,D,TN,0.2503,MG/L,1,36.9957,-76.02048
384156,MAIN,CB7.4,11,2014,16,B ,D,TN,0.3088,MG/L,15,36.9957,-76.02048
384156,MAIN,CB7.4,11,2014,16,B ,D,TP,0.0331,MG/L,15,36.9957,-76.02048
384156,MAIN,CB7.4,11,2014,16,B ,ISM,WTEMP,11.942,DEG C,15,36.9957,-76.02048
384156,MAIN,CB7.4,11,2014,16,S ,ISM,WTEMP,11.738,DEG C,1,36.9957,-76.02048
384157,MAIN,CB7.4,12,2014,15,B ,ISM,DO,8.53,MG/L,14,36.9957,-76.02048
384157,MAIN,CB7.4,12,2014,15,S ,ISM,DO,10.15,MG/L,1,36.9957,-76.02048
384157,MAIN,CB7.4,12,2014,15,S ,ISM,SALINITY,26.96,PPT,1,36.9957,-76.02048
384157,MAIN,CB7.4,12,2014,15,B ,ISM,SALINITY,31.96,PPT,14,36.9957,-76.02048
384157,MAIN,CB7.4,12,2014,15,B ,D,TN,0.2615,MG/L,14,36.9957,-76.02048
384157,MAIN,CB7.4,12,2014,15,S ,D,TN,0.2721,MG/L,1,36.9957,-76.02048
384157,MAIN,CB7.4,12,2014,15,B ,D,TP,0.0258,MG/L,14,36.9957,-76.02048
384157,MAIN,CB7.4,12,2014,15,B ,ISM,WTEMP,9.741,DEG C,14,36.9957,-76.02048
384157,MAIN,CB7.4,12,2014,15,S ,ISM,WTEMP,7.654,DEG C,1,36.9957,-76.02048
384115,MAIN,CB7.4N,9,2014,11,B ,ISM,DO,6.96,MG/L,10,37.06237,-75.99937
384115,MAIN,CB7.4N,9,2014,11,S ,ISM,DO,7.27,MG/L,1,37.06237,-75.99937
384115,MAIN,CB7.4N,9,2014,11,S ,ISM,SALINITY,26.54,PPT,1,37.06237,-75.99937
384115,MAIN,CB7.4N,9,2014,11,B ,ISM,SALINITY,28.35,PPT,10,37.06237,-75.99937
384115,MAIN,CB7.4N,9,2014,11,S ,D,TN,0.3163,MG/L,1,37.06237,-75.99937
384115,MAIN,CB7.4N,9,2014,11,B ,D,TN,0.3067,MG/L,10,37.06237,-75.99937
384115,MAIN,CB7.4N,9,2014,11,S ,D,TN,0.312,MG/L,1,37.06237,-75.99937
384115,MAIN,CB7.4N,9,2014,11,B ,D,TN,0.3233,MG/L,10,37.06237,-75.99937
384115,MAIN,CB7.4N,9,2014,11,B ,D,TP,0.0277,MG/L,10,37.06237,-75.99937
384115,MAIN,CB7.4N,9,2014,11,S ,D,TP,0.0201,MG/L,1,37.06237,-75.99937
384115,MAIN,CB7.4N,9,2014,11,B ,D,TP,0.0263,MG/L,10,37.06237,-75.99937
384115,MAIN,CB7.4N,9,2014,11,S ,D,TP,0.0191,MG/L,1,37.06237,-75.99937
384115,MAIN,CB7.4N,9,2014,11,B ,ISM,WTEMP,23.82,DEG C,10,37.06237,-75.99937
384115,MAIN,CB7.4N,9,2014,11,S ,ISM,WTEMP,24.02,DEG C,1,37.06237,-75.99937
384116,MAIN,CB7.4N,10,2014,11,B ,ISM,DO,7.33,MG/L,10,37.06237,-75.99937
384116,MAIN,CB7.4N,10,2014,11,S ,ISM,DO,7.6,MG/L,1,37.06237,-75.99937
384116,MAIN,CB7.4N,10,2014,11,S ,ISM,SALINITY,31.42,PPT,1,37.06237,-75.99937
384116,MAIN,CB7.4N,10,2014,11,B ,ISM,SALINITY,31.54,PPT,10,37.06237,-75.99937
384116,MAIN,CB7.4N,10,2014,11,B ,D,TN,0.2624,MG/L,10,37.06237,-75.99937
384116,MAIN,CB7.4N,10,2014,11,S ,D,TN,0.2278,MG/L,1,37.06237,-75.99937
384116,MAIN,CB7.4N,10,2014,11,B ,D,TN,0.2473,MG/L,10,37.06237,-75.99937
384116,MAIN,CB7.4N,10,2014,11,S ,D,TN,0.2396,MG/L,1,37.06237,-75.99937
384116,MAIN,CB7.4N,10,2014,11,S ,D,TP,0.0098,MG/L,1,37.06237,-75.99937
384116,MAIN,CB7.4N,10,2014,11,S ,D,TP,0.006,MG/L,1,37.06237,-75.99937
384116,MAIN,CB7.4N,10,2014,11,B ,D,TP,0.0143,MG/L,10,37.06237,-75.99937
384116,MAIN,CB7.4N,10,2014,11,B ,ISM,WTEMP,19.69,DEG C,10,37.06237,-75.99937
384116,MAIN,CB7.4N,10,2014,11,S ,ISM,WTEMP,19.62,DEG C,1,37.06237,-75.99937
384158,MAIN,CB7.4N,11,2014,11,B ,ISM,DO,8.57,MG/L,10,37.06237,-75.99937
384158,MAIN,CB7.4N,11,2014,11,S ,ISM,DO,8.63,MG/L,1,37.06237,-75.99937
384158,MAIN,CB7.4N,11,2014,11,S ,ISM,SALINITY,30.52,PPT,1,37.06237,-75.99937
384158,MAIN,CB7.4N,11,2014,11,B ,ISM,SALINITY,30.54,PPT,10,37.06237,-75.99937
384158,MAIN,CB7.4N,11,2014,11,B ,D,TN,0.249,MG/L,10,37.06237,-75.99937
384158,MAIN,CB7.4N,11,2014,11,S ,D,TN,0.2389,MG/L,1,37.06237,-75.99937
384158,MAIN,CB7.4N,11,2014,11,B ,D,TN,0.2159,MG/L,10,37.06237,-75.99937
384158,MAIN,CB7.4N,11,2014,11,S ,D,TN,0.2425,MG/L,1,37.06237,-75.99937
384158,MAIN,CB7.4N,11,2014,11,S ,D,TP,0.0184,MG/L,1,37.06237,-75.99937
384158,MAIN,CB7.4N,11,2014,11,S ,D,TP,0.0104,MG/L,1,37.06237,-75.99937
384158,MAIN,CB7.4N,11,2014,11,B ,ISM,WTEMP,12.25,DEG C,10,37.06237,-75.99937
384158,MAIN,CB7.4N,11,2014,11,S ,ISM,WTEMP,12.247,DEG C,1,37.06237,-75.99937
384159,MAIN,CB7.4N,12,2014,11,S ,ISM,DO,10.07,MG/L,1,37.06237,-75.99937
384159,MAIN,CB7.4N,12,2014,11,B ,ISM,DO,9.66,MG/L,10,37.06237,-75.99937
384159,MAIN,CB7.4N,12,2014,11,S ,ISM,SALINITY,27.14,PPT,1,37.06237,-75.99937
384159,MAIN,CB7.4N,12,2014,11,B ,ISM,SALINITY,29.65,PPT,10,37.06237,-75.99937
384159,MAIN,CB7.4N,12,2014,11,S ,D,TN,0.2916,MG/L,1,37.06237,-75.99937
384159,MAIN,CB7.4N,12,2014,11,B ,D,TN,0.3458,MG/L,10,37.06237,-75.99937
384159,MAIN,CB7.4N,12,2014,11,S ,D,TN,0.2882,MG/L,1,37.06237,-75.99937
384159,MAIN,CB7.4N,12,2014,11,B ,D,TN,0.3779,MG/L,10,37.06237,-75.99937
384159,MAIN,CB7.4N,12,2014,11,B ,D,TP,0.0433,MG/L,10,37.06237,-75.99937
384159,MAIN,CB7.4N,12,2014,11,B ,D,TP,0.0502,MG/L,10,37.06237,-75.99937
384159,MAIN,CB7.4N,12,2014,11,S ,ISM,WTEMP,7.534,DEG C,1,37.06237,-75.99937
384159,MAIN,CB7.4N,12,2014,11,B ,ISM,WTEMP,7.55,DEG C,10,37.06237,-75.99937
384117,MAIN,CB8.1,9,2014,9,B ,ISM,DO,6.29,MG/L,8,36.99542,-76.16772
384117,MAIN,CB8.1,9,2014,9,S ,ISM,DO,6.73,MG/L,1,36.99542,-76.16772
384117,MAIN,CB8.1,9,2014,9,S ,ISM,SALINITY,21.2,PPT,1,36.99542,-76.16772
384117,MAIN,CB8.1,9,2014,9,B ,ISM,SALINITY,26.1,PPT,8,36.99542,-76.16772
384117,MAIN,CB8.1,9,2014,9,S ,D,TN,0.5021,MG/L,1,36.99542,-76.16772
384117,MAIN,CB8.1,9,2014,9,B ,D,TN,0.3769,MG/L,8,36.99542,-76.16772
384117,MAIN,CB8.1,9,2014,9,B ,D,TP,0.0272,MG/L,8,36.99542,-76.16772
384117,MAIN,CB8.1,9,2014,9,S ,D,TP,0.0389,MG/L,1,36.99542,-76.16772
384117,MAIN,CB8.1,9,2014,9,B ,ISM,WTEMP,24.58,DEG C,8,36.99542,-76.16772
384117,MAIN,CB8.1,9,2014,9,S ,ISM,WTEMP,24.39,DEG C,1,36.99542,-76.16772
384118,MAIN,CB8.1,10,2014,8,B ,ISM,DO,6.98,MG/L,7,36.99542,-76.16772
384118,MAIN,CB8.1,10,2014,8,S ,ISM,DO,7.41,MG/L,1,36.99542,-76.16772
384118,MAIN,CB8.1,10,2014,8,S ,ISM,SALINITY,25.79,PPT,1,36.99542,-76.16772
384118,MAIN,CB8.1,10,2014,8,B ,ISM,SALINITY,28.32,PPT,7,36.99542,-76.16772
384118,MAIN,CB8.1,10,2014,8,B ,D,TN,0.3953,MG/L,7,36.99542,-76.16772
384118,MAIN,CB8.1,10,2014,8,S ,D,TN,0.3848,MG/L,1,36.99542,-76.16772
384118,MAIN,CB8.1,10,2014,8,S ,D,TP,0.0275,MG/L,1,36.99542,-76.16772
384118,MAIN,CB8.1,10,2014,8,B ,D,TP,0.0327,MG/L,7,36.99542,-76.16772
384118,MAIN,CB8.1,10,2014,8,B ,ISM,WTEMP,20.22,DEG C,7,36.99542,-76.16772
384118,MAIN,CB8.1,10,2014,8,S ,ISM,WTEMP,19.38,DEG C,1,36.99542,-76.16772
384160,MAIN,CB8.1,11,2014,9,S ,ISM,DO,9.57,MG/L,1,36.99542,-76.16772
384160,MAIN,CB8.1,11,2014,9,B ,ISM,DO,9.21,MG/L,8,36.99542,-76.16772
384160,MAIN,CB8.1,11,2014,9,B ,ISM,SALINITY,24.68,PPT,8,36.99542,-76.16772
384160,MAIN,CB8.1,11,2014,9,S ,ISM,SALINITY,22.89,PPT,1,36.99542,-76.16772
384160,MAIN,CB8.1,11,2014,9,S ,D,TN,0.3401,MG/L,1,36.99542,-76.16772
384160,MAIN,CB8.1,11,2014,9,B ,D,TN,0.3058,MG/L,8,36.99542,-76.16772
384160,MAIN,CB8.1,11,2014,9,B ,D,TP,0.0254,MG/L,8,36.99542,-76.16772
384160,MAIN,CB8.1,11,2014,9,S ,D,TP,0.0177,MG/L,1,36.99542,-76.16772
384160,MAIN,CB8.1,11,2014,9,S ,ISM,WTEMP,10.838,DEG C,1,36.99542,-76.16772
384160,MAIN,CB8.1,11,2014,9,B ,ISM,WTEMP,11.212,DEG C,8,36.99542,-76.16772
384161,MAIN,CB8.1,12,2014,9,B ,ISM,DO,8.95,MG/L,8,36.99542,-76.16772
384161,MAIN,CB8.1,12,2014,9,S ,ISM,DO,10.52,MG/L,1,36.99542,-76.16772
384161,MAIN,CB8.1,12,2014,9,S ,ISM,SALINITY,23.08,PPT,1,36.99542,-76.16772
384161,MAIN,CB8.1,12,2014,9,B ,ISM,SALINITY,29.32,PPT,8,36.99542,-76.16772
384161,MAIN,CB8.1,12,2014,9,S ,D,TN,0.3281,MG/L,1,36.99542,-76.16772
384161,MAIN,CB8.1,12,2014,9,B ,D,TN,0.3022,MG/L,8,36.99542,-76.16772
384161,MAIN,CB8.1,12,2014,9,B ,D,TP,0.0233,MG/L,8,36.99542,-76.16772
384161,MAIN,CB8.1,12,2014,9,B ,ISM,WTEMP,8.84,DEG C,8,36.99542,-76.16772
384161,MAIN,CB8.1,12,2014,9,S ,ISM,WTEMP,7.272,DEG C,1,36.99542,-76.16772
384119,MAIN,CB8.1E,9,2014,14,B ,ISM,DO,6.55,MG/L,13,36.94737,-76.03494
384119,MAIN,CB8.1E,9,2014,14,S ,ISM,DO,7.15,MG/L,1,36.94737,-76.03494
384119,MAIN,CB8.1E,9,2014,14,S ,ISM,SALINITY,24.32,PPT,1,36.94737,-76.03494
384119,MAIN,CB8.1E,9,2014,14,B ,ISM,SALINITY,29.82,PPT,13,36.94737,-76.03494
384119,MAIN,CB8.1E,9,2014,14,S ,D,TN,0.3738,MG/L,1,36.94737,-76.03494
384119,MAIN,CB8.1E,9,2014,14,B ,D,TN,0.2837,MG/L,13,36.94737,-76.03494
384119,MAIN,CB8.1E,9,2014,14,B ,D,TP,0.0158,MG/L,13,36.94737,-76.03494
384119,MAIN,CB8.1E,9,2014,14,S ,D,TP,0.0221,MG/L,1,36.94737,-76.03494
384119,MAIN,CB8.1E,9,2014,14,B ,ISM,WTEMP,24.31,DEG C,13,36.94737,-76.03494
384119,MAIN,CB8.1E,9,2014,14,S ,ISM,WTEMP,23.95,DEG C,1,36.94737,-76.03494
384120,MAIN,CB8.1E,10,2014,14,S ,ISM,DO,7.29,MG/L,1,36.94737,-76.03494
384120,MAIN,CB8.1E,10,2014,14,B ,ISM,DO,7.01,MG/L,13,36.94737,-76.03494
384120,MAIN,CB8.1E,10,2014,14,B ,ISM,SALINITY,31.42,PPT,13,36.94737,-76.03494
384120,MAIN,CB8.1E,10,2014,14,S ,ISM,SALINITY,27.56,PPT,1,36.94737,-76.03494
384120,MAIN,CB8.1E,10,2014,14,B ,D,TN,0.2726,MG/L,13,36.94737,-76.03494
384120,MAIN,CB8.1E,10,2014,14,S ,D,TN,0.3776,MG/L,1,36.94737,-76.03494
384120,MAIN,CB8.1E,10,2014,14,S ,D,TP,0.0268,MG/L,1,36.94737,-76.03494
384120,MAIN,CB8.1E,10,2014,14,B ,D,TP,0.0231,MG/L,13,36.94737,-76.03494
384120,MAIN,CB8.1E,10,2014,14,B ,ISM,WTEMP,20.35,DEG C,13,36.94737,-76.03494
384120,MAIN,CB8.1E,10,2014,14,S ,ISM,WTEMP,19.72,DEG C,1,36.94737,-76.03494
384162,MAIN,CB8.1E,11,2014,15,B ,ISM,DO,8.84,MG/L,14,36.94737,-76.03494
384162,MAIN,CB8.1E,11,2014,15,S ,ISM,DO,9.2,MG/L,1,36.94737,-76.03494
384162,MAIN,CB8.1E,11,2014,15,S ,ISM,SALINITY,24.78,PPT,1,36.94737,-76.03494
384162,MAIN,CB8.1E,11,2014,15,B ,ISM,SALINITY,27.36,PPT,14,36.94737,-76.03494
384162,MAIN,CB8.1E,11,2014,15,B ,D,TN,0.3135,MG/L,14,36.94737,-76.03494
384162,MAIN,CB8.1E,11,2014,15,B ,D,TP,0.0341,MG/L,14,36.94737,-76.03494
384162,MAIN,CB8.1E,11,2014,15,B ,ISM,WTEMP,11.751,DEG C,14,36.94737,-76.03494
384162,MAIN,CB8.1E,11,2014,15,S ,ISM,WTEMP,11.26,DEG C,1,36.94737,-76.03494
384163,MAIN,CB8.1E,12,2014,14,S ,ISM,DO,10.3,MG/L,1,36.94737,-76.03494
384163,MAIN,CB8.1E,12,2014,14,B ,ISM,DO,8.44,MG/L,13,36.94737,-76.03494
384163,MAIN,CB8.1E,12,2014,14,B ,ISM,SALINITY,32.14,PPT,13,36.94737,-76.03494
384163,MAIN,CB8.1E,12,2014,14,S ,ISM,SALINITY,25.36,PPT,1,36.94737,-76.03494
384163,MAIN,CB8.1E,12,2014,14,B ,D,TN,0.2917,MG/L,13,36.94737,-76.03494
384163,MAIN,CB8.1E,12,2014,14,S ,D,TN,0.2813,MG/L,1,36.94737,-76.03494
384163,MAIN,CB8.1E,12,2014,14,B ,D,TP,0.0283,MG/L,13,36.94737,-76.03494
384163,MAIN,CB8.1E,12,2014,14,B ,ISM,WTEMP,9.917,DEG C,13,36.94737,-76.03494
384163,MAIN,CB8.1E,12,2014,14,S ,ISM,WTEMP,7.459,DEG C,1,36.94737,-76.03494
